Date,Close,5DayMAV,20DayMAV,DIFof2Av
03/11/2015,8.14,,,
04/11/2015,8.17,,,
05/11/2015,8.21,,,
06/11/2015,8.15,,,
09/11/2015,8.13,8.09,,
10/11/2015,8.06,8.04,,
11/11/2015,8.03,7.98,,
12/11/2015,8.06,7.95,,
13/11/2015,7.92,7.95,,
16/11/2015,7.84,7.95,,
17/11/2015,7.88,7.99,,
18/11/2015,8.04,8.05,,
19/11/2015,8.05,8.09,,
20/11/2015,8.13,8.09,,
23/11/2015,8.13,8.11,,
24/11/2015,8.1,8.13,,
25/11/2015,8.06,8.14,,
26/11/2015,8.14,8.15,,
27/11/2015,8.21,8.18,,
30/11/2015,8.19,8.2,8.08,0.02
01/12/2015,8.16,8.17,8.08,0.01
02/12/2015,8.22,8.14,8.09,0.01
03/12/2015,8.25,8.1,8.09,0.0
04/12/2015,8.06,8.01,8.08,-0.01
07/12/2015,8.01,7.91,8.08,-0.02
15/12/2015,7.99,7.87,8.07,-0.03
16/12/2015,7.73,7.82,8.06,-0.03
17/12/2015,7.78,7.77,8.04,-0.03
18/12/2015,7.84,7.79,8.04,-0.03
21/12/2015,7.77,7.84,8.04,-0.03
22/12/2015,7.75,7.89,8.03,-0.02
23/12/2015,7.81,7.95,8.02,-0.01
29/12/2015,8.02,7.97,8.02,-0.01
30/12/2015,8.12,7.98,8.02,-0.0
04/01/2016,8.06,7.94,8.01,-0.01
05/01/2016,7.82,7.84,8.0,-0.02
06/01/2016,7.89,7.75,7.99,-0.03
07/01/2016,7.8,7.69,7.97,-0.04
08/01/2016,7.64,7.64,7.95,-0.04
11/01/2016,7.59,7.61,7.92,-0.04
12/01/2016,7.54,7.6,7.88,-0.04
13/01/2016,7.62,7.58,7.85,-0.04
14/01/2016,7.66,7.55,7.83,-0.04
15/01/2016,7.61,7.54,7.8,-0.03
18/01/2016,7.45,7.47,7.77,-0.04
19/01/2016,7.43,7.43,7.75,-0.04
20/01/2016,7.55,7.45,7.74,-0.04
21/01/2016,7.29,7.48,7.71,-0.03
22/01/2016,7.42,7.49,7.69,-0.03
25/01/2016,7.58,7.57,7.68,-0.01
26/01/2016,7.55,7.61,7.67,-0.01
27/01/2016,7.6,7.66,7.66,-0.0
28/01/2016,7.7,7.71,7.65,0.01
29/01/2016,7.62,7.71,7.62,0.01
01/02/2016,7.82,7.67,7.61,0.01
02/02/2016,7.79,7.66,7.61,0.01
03/02/2016,7.61,7.6,7.59,0.0
04/02/2016,7.5,7.5,7.58,-0.01
05/02/2016,7.58,7.43,7.58,-0.02
08/02/2016,7.52,7.39,7.57,-0.02
09/02/2016,7.31,7.3,7.56,-0.04
10/02/2016,7.24,7.26,7.54,-0.04
11/02/2016,7.29,7.3,7.52,-0.03
12/02/2016,7.12,7.36,7.5,-0.02
15/02/2016,7.35,7.45,7.49,-0.01
16/02/2016,7.49,7.57,7.5,0.01
17/02/2016,7.55,7.64,7.5,0.02
18/02/2016,7.76,7.7,7.52,0.02
19/02/2016,7.72,7.73,7.54,0.03
22/02/2016,7.68,7.69,7.54,0.02
23/02/2016,7.8,7.7,7.55,0.02
24/02/2016,7.7,7.74,7.56,0.02
25/02/2016,7.57,7.76,7.55,0.03
26/02/2016,7.77,7.81,7.56,0.03
29/02/2016,7.88,7.89,7.56,0.04
01/03/2016,7.88,7.92,7.57,0.04
02/03/2016,7.95,7.95,7.58,0.05
03/03/2016,7.95,7.97,7.61,0.05
04/03/2016,7.94,7.97,7.62,0.04
07/03/2016,8.03,7.97,7.65,0.04
08/03/2016,8.0,7.95,7.68,0.03
09/03/2016,7.93,7.94,7.72,0.03
10/03/2016,7.96,7.94,7.75,0.02
11/03/2016,7.82,7.94,7.79,0.02
14/03/2016,7.96,7.95,7.82,0.02
15/03/2016,8.0,7.99,7.84,0.02
16/03/2016,7.96,8.01,7.86,0.02
17/03/2016,8.0,8.01,7.87,0.02
18/03/2016,8.05,8.03,7.89,0.02
21/03/2016,8.03,8.04,7.91,0.02
22/03/2016,8.02,8.01,7.92,0.01
23/03/2016,8.03,7.99,7.94,0.01
24/03/2016,8.04,8.0,7.96,0.0
29/03/2016,7.93,7.99,7.97,0.0
30/03/2016,7.93,7.98,7.97,0.0
31/03/2016,8.05,8.0,7.98,0.0
01/04/2016,8.02,7.99,7.98,0.0
04/04/2016,7.98,7.98,7.98,-0.0
05/04/2016,8.01,7.98,7.99,-0.0
06/04/2016,7.91,7.99,7.98,0.0
07/04/2016,8.0,8.0,7.98,0.0
08/04/2016,7.98,8.05,7.98,0.01
11/04/2016,8.06,8.1,7.99,0.01
12/04/2016,8.06,8.16,8.0,0.02
13/04/2016,8.12,8.2,8.01,0.02
14/04/2016,8.28,8.24,8.02,0.03
15/04/2016,8.28,8.28,8.04,0.03
18/04/2016,8.25,8.29,8.05,0.03
19/04/2016,8.26,8.3,8.06,0.03
20/04/2016,8.33,8.29,8.08,0.03
21/04/2016,8.34,8.27,8.09,0.02
22/04/2016,8.3,8.23,8.11,0.02
25/04/2016,8.21,8.21,8.11,0.01
26/04/2016,8.15,8.2,8.13,0.01
27/04/2016,8.17,8.18,8.14,0.01
28/04/2016,8.22,8.18,8.15,0.0
29/04/2016,8.23,8.16,8.16,0.0
02/05/2016,8.13,8.11,8.16,-0.01
03/05/2016,8.15,8.05,8.17,-0.01
04/05/2016,8.05,8.03,8.18,-0.02
05/05/2016,7.96,7.99,8.18,-0.02
06/05/2016,7.98,7.99,8.18,-0.02
09/05/2016,7.99,8.0,8.17,-0.02
10/05/2016,7.97,8.0,8.17,-0.02
11/05/2016,8.03,8.0,8.16,-0.02
12/05/2016,8.03,8.01,8.15,-0.02
13/05/2016,7.97,8.02,8.14,-0.01
16/05/2016,8.02,8.02,8.12,-0.01
17/05/2016,8.03,8.01,8.11,-0.01
18/05/2016,8.05,8.02,8.1,-0.01
19/05/2016,8.05,8.02,8.08,-0.01
20/05/2016,7.92,8.04,8.07,-0.0
23/05/2016,8.06,8.07,8.06,0.0
24/05/2016,8.03,8.12,8.05,0.01
25/05/2016,8.14,8.15,8.05,0.01
26/05/2016,8.19,8.19,8.05,0.02
27/05/2016,8.2,8.2,8.05,0.02
30/05/2016,8.2,8.18,8.05,0.02
31/05/2016,8.24,8.16,8.05,0.01
01/06/2016,8.16,8.15,8.06,0.01
02/06/2016,8.1,8.14,8.07,0.01
03/06/2016,8.1,8.15,8.07,0.01
06/06/2016,8.13,8.19,8.08,0.01
07/06/2016,8.21,8.2,8.09,0.01
08/06/2016,8.23,8.2,8.1,0.01
09/06/2016,8.25,8.12,8.11,0.0
10/06/2016,8.17,8.05,8.12,-0.01
16/06/2016,8.12,8.03,8.13,-0.01
17/06/2016,7.8,8.03,8.12,-0.01
20/06/2016,7.9,8.04,8.11,-0.01
21/06/2016,8.14,8.15,8.11,0.0
22/06/2016,8.17,8.18,8.13,0.01
23/06/2016,8.22,8.12,8.14,-0.0
24/06/2016,8.32,8.1,8.15,-0.01
27/06/2016,8.05,8.12,8.15,-0.0
28/06/2016,7.85,8.14,8.13,0.0
29/06/2016,8.06,8.26,8.12,0.02
30/06/2016,8.35,8.4,8.13,0.03
01/07/2016,8.39,8.48,8.14,0.04
04/07/2016,8.63,8.57,8.16,0.05
06/07/2016,8.56,8.64,8.18,0.05
11/07/2016,8.49,8.67,8.2,0.05
12/07/2016,8.77,8.7,8.23,0.05
13/07/2016,8.77,8.76,8.26,0.06
14/07/2016,8.76,8.76,8.29,0.05
15/07/2016,8.73,8.76,8.31,0.05
18/07/2016,8.75,8.78,8.34,0.05
19/07/2016,8.79,8.79,8.37,0.05
20/07/2016,8.79,8.81,8.42,0.04
21/07/2016,8.83,8.81,8.47,0.04
22/07/2016,8.79,8.82,8.5,0.04
25/07/2016,8.83,8.82,8.54,0.03
26/07/2016,8.81,8.83,8.57,0.03
27/07/2016,8.82,8.83,8.59,0.03
28/07/2016,8.86,8.82,8.63,0.02
29/07/2016,8.82,8.8,8.68,0.01
01/08/2016,8.83,8.77,8.72,0.01
02/08/2016,8.79,8.78,8.74,0.0
03/08/2016,8.72,8.8,8.76,0.01
04/08/2016,8.71,8.83,8.76,0.01
05/08/2016,8.86,8.89,8.78,0.01
08/08/2016,8.93,8.95,8.8,0.02
09/08/2016,8.95,9.01,8.81,0.02
10/08/2016,9.0,9.05,8.82,0.03
11/08/2016,9.02,9.1,8.83,0.03
12/08/2016,9.14,9.12,8.85,0.03
15/08/2016,9.14,9.13,8.87,0.03
16/08/2016,9.17,9.12,8.89,0.02
17/08/2016,9.11,9.1,8.91,0.02
18/08/2016,9.07,9.07,8.92,0.02
19/08/2016,9.09,9.07,8.93,0.01
22/08/2016,9.08,9.06,8.95,0.01
23/08/2016,9.03,9.05,8.96,0.01
24/08/2016,9.08,9.04,8.97,0.01
25/08/2016,9.04,9.04,8.98,0.01
26/08/2016,9.02,9.03,8.99,0.0
29/08/2016,9.05,9.02,9.0,0.0
30/08/2016,9.02,9.0,9.01,-0.0
31/08/2016,9.03,9.01,9.03,-0.0
01/09/2016,8.97,9.03,9.04,-0.0
02/09/2016,8.93,9.03,9.04,-0.0
05/09/2016,9.12,9.04,9.05,-0.0
06/09/2016,9.1,9.07,9.06,0.0
07/09/2016,9.03,9.04,9.06,-0.0
08/09/2016,9.04,9.0,9.06,-0.01
09/09/2016,9.08,8.95,9.06,-0.01
12/09/2016,8.97,8.91,9.05,-0.02
13/09/2016,8.87,8.88,9.04,-0.02
14/09/2016,8.82,8.86,9.02,-0.02
15/09/2016,8.83,8.89,9.01,-0.01
16/09/2016,8.91,8.93,9.0,-0.01
19/09/2016,8.88,8.98,8.99,-0.0
20/09/2016,9.01,9.03,8.99,0.0
21/09/2016,9.04,9.08,8.99,0.01
22/09/2016,9.05,9.08,8.99,0.01
23/09/2016,9.15,9.08,8.99,0.01
26/09/2016,9.14,9.08,9.0,0.01
27/09/2016,9.03,9.08,9.0,0.01
28/09/2016,9.01,9.08,9.0,0.01
29/09/2016,9.07,9.12,9.0,0.01
30/09/2016,9.16,9.19,9.02,0.02
03/10/2016,9.13,9.24,9.02,0.02
04/10/2016,9.24,9.26,9.02,0.03
05/10/2016,9.36,9.3,9.04,0.03
06/10/2016,9.31,9.33,9.05,0.03
07/10/2016,9.27,9.33,9.06,0.03
10/10/2016,9.32,9.33,9.08,0.03
11/10/2016,9.4,9.33,9.11,0.02
12/10/2016,9.37,9.32,9.13,0.02
13/10/2016,9.3,9.28,9.16,0.01
14/10/2016,9.24,9.26,9.17,0.01
17/10/2016,9.29,9.26,9.19,0.01
18/10/2016,9.2,9.27,9.2,0.01
19/10/2016,9.27,9.28,9.22,0.01
20/10/2016,9.3,9.29,9.23,0.01
21/10/2016,9.32,9.3,9.24,0.01
24/10/2016,9.31,9.28,9.24,0.0
25/10/2016,9.26,9.27,9.26,0.0
26/10/2016,9.3,9.26,9.27,-0.0
27/10/2016,9.22,9.26,9.28,-0.0
28/10/2016,9.27,9.23,9.28,-0.01
31/10/2016,9.27,9.2,9.29,-0.01
01/11/2016,9.22,9.15,9.29,-0.02
02/11/2016,9.17,9.07,9.28,-0.02
03/11/2016,9.08,9.03,9.27,-0.03
04/11/2016,9.01,9.01,9.26,-0.03
07/11/2016,8.88,9.03,9.23,-0.02
08/11/2016,9.03,9.05,9.21,-0.02
09/11/2016,9.07,9.06,9.2,-0.02
10/11/2016,9.17,9.05,9.19,-0.02
11/11/2016,9.08,9.04,9.19,-0.02
14/11/2016,8.95,9.0,9.17,-0.02
15/11/2016,8.98,8.99,9.16,-0.02
16/11/2016,9.03,9.01,9.15,-0.02
17/11/2016,8.98,9.01,9.13,-0.01
18/11/2016,9.04,9.02,9.12,-0.01
21/11/2016,9.01,9.04,9.1,-0.01
22/11/2016,9.02,9.05,9.09,-0.0
23/11/2016,9.07,9.07,9.08,-0.0
24/11/2016,9.07,9.08,9.07,0.0
25/11/2016,9.09,9.07,9.06,0.0
28/11/2016,9.11,9.06,9.05,0.0
29/11/2016,9.05,9.04,9.04,-0.0
30/11/2016,9.02,9.01,9.04,-0.0
01/12/2016,9.03,9.0,9.04,-0.0
02/12/2016,8.99,9.0,9.03,-0.0
05/12/2016,8.96,9.03,9.04,-0.0
06/12/2016,8.99,9.08,9.04,0.0
07/12/2016,9.03,9.14,9.03,0.01
08/12/2016,9.19,9.18,9.03,0.02
09/12/2016,9.23,9.23,9.04,0.02
12/12/2016,9.26,9.24,9.06,0.02
13/12/2016,9.17,9.26,9.07,0.02
14/12/2016,9.28,9.27,9.08,0.02
15/12/2016,9.25,9.31,9.09,0.02
16/12/2016,9.32,9.33,9.11,0.02
19/12/2016,9.34,9.36,9.12,0.02
20/12/2016,9.35,9.37,9.14,0.02
21/12/2016,9.39,9.38,9.16,0.02
22/12/2016,9.38,9.4,9.17,0.02
23/12/2016,9.41,9.42,9.19,0.02
27/12/2016,9.4,9.43,9.2,0.02
28/12/2016,9.43,9.46,9.22,0.03
29/12/2016,9.46,9.5,9.24,0.03
03/01/2017,9.44,9.53,9.26,0.03
04/01/2017,9.56,9.56,9.29,0.03
05/01/2017,9.58,9.6,9.32,0.03
06/01/2017,9.59,9.62,9.35,0.03
09/01/2017,9.61,9.65,9.38,0.03
10/01/2017,9.64,9.67,9.4,0.03
11/01/2017,9.69,9.71,9.43,0.03
12/01/2017,9.72,9.73,9.45,0.03
13/01/2017,9.71,9.72,9.48,0.02
16/01/2017,9.78,9.71,9.5,0.02
17/01/2017,9.76,9.68,9.53,0.02
18/01/2017,9.62,9.65,9.54,0.01
19/01/2017,9.65,9.6,9.56,0.0
20/01/2017,9.61,9.58,9.57,0.0
23/01/2017,9.59,9.56,9.58,-0.0
24/01/2017,9.53,9.55,9.59,-0.0
25/01/2017,9.53,9.54,9.6,-0.01
26/01/2017,9.55,9.53,9.6,-0.01
27/01/2017,9.54,9.52,9.61,-0.01
30/01/2017,9.57,9.51,9.61,-0.01
31/01/2017,9.48,9.5,9.62,-0.01
01/02/2017,9.46,9.5,9.61,-0.01
02/02/2017,9.47,9.52,9.61,-0.01
03/02/2017,9.51,9.54,9.6,-0.01
06/02/2017,9.58,9.56,9.6,-0.0
07/02/2017,9.56,9.58,9.6,-0.0
08/02/2017,9.58,9.6,9.59,0.0
09/02/2017,9.58,9.63,9.58,0.01
10/02/2017,9.64,9.66,9.58,0.01
13/02/2017,9.68,9.69,9.57,0.01
14/02/2017,9.7,9.71,9.57,0.01
15/02/2017,9.69,9.72,9.57,0.02
16/02/2017,9.74,9.74,9.58,0.02
17/02/2017,9.74,9.75,9.59,0.02
20/02/2017,9.76,9.75,9.59,0.02
21/02/2017,9.77,9.76,9.61,0.02
22/02/2017,9.73,9.75,9.62,0.01
23/02/2017,9.77,9.74,9.63,0.01
24/02/2017,9.76,9.75,9.64,0.01
27/02/2017,9.73,9.78,9.65,0.01
28/02/2017,9.74,9.81,9.66,0.02
01/03/2017,9.75,9.84,9.67,0.02
02/03/2017,9.91,9.87,9.69,0.02
03/03/2017,9.91,9.89,9.71,0.02
06/03/2017,9.9,9.88,9.73,0.01
07/03/2017,9.87,9.86,9.75,0.01
08/03/2017,9.85,9.85,9.76,0.01
09/03/2017,9.85,9.86,9.77,0.01
10/03/2017,9.83,9.86,9.78,0.01
13/03/2017,9.86,9.87,9.79,0.01
14/03/2017,9.9,9.91,9.8,0.01
15/03/2017,9.89,9.93,9.81,0.01
16/03/2017,9.9,9.95,9.82,0.01
17/03/2017,9.98,9.96,9.83,0.01
20/03/2017,9.99,9.95,9.84,0.01
21/03/2017,10.0,9.93,9.86,0.01
22/03/2017,9.93,9.9,9.87,0.0
23/03/2017,9.85,9.87,9.87,-0.0
24/03/2017,9.87,9.86,9.87,-0.0
27/03/2017,9.87,9.87,9.88,-0.0
28/03/2017,9.81,9.88,9.89,-0.0
29/03/2017,9.88,9.88,9.89,-0.0
30/03/2017,9.92,9.87,9.89,-0.0
31/03/2017,9.92,9.87,9.89,-0.0
03/04/2017,9.86,9.86,9.89,-0.0
04/04/2017,9.8,9.84,9.89,-0.0
05/04/2017,9.85,9.85,9.89,-0.0
06/04/2017,9.87,9.87,9.89,-0.0
07/04/2017,9.84,9.89,9.89,-0.0
10/04/2017,9.9,9.89,9.89,0.0
11/04/2017,9.9,9.9,9.89,0.0
12/04/2017,9.93,9.85,9.89,-0.0
13/04/2017,9.9,9.79,9.89,-0.01
18/04/2017,9.88,9.72,9.89,-0.02
19/04/2017,9.63,9.66,9.87,-0.02
20/04/2017,9.59,9.64,9.85,-0.02
21/04/2017,9.6,9.68,9.83,-0.02
24/04/2017,9.6,9.73,9.82,-0.01
25/04/2017,9.8,9.76,9.82,-0.01
26/04/2017,9.81,9.79,9.81,-0.0
27/04/2017,9.83,9.78,9.82,-0.0
28/04/2017,9.77,9.77,9.81,-0.0
02/05/2017,9.72,9.76,9.8,-0.0
03/05/2017,9.79,9.78,9.79,-0.0
04/05/2017,9.76,9.81,9.79,0.0
05/05/2017,9.79,9.83,9.79,0.0
08/05/2017,9.85,9.87,9.79,0.01
09/05/2017,9.85,9.92,9.79,0.01
10/05/2017,9.91,9.94,9.79,0.02
11/05/2017,9.97,9.99,9.79,0.02
12/05/2017,9.99,10.04,9.8,0.02
15/05/2017,9.99,10.08,9.8,0.03
16/05/2017,10.08,10.1,9.81,0.03
17/05/2017,10.17,10.12,9.83,0.03
18/05/2017,10.15,10.14,9.85,0.03
19/05/2017,10.09,10.14,9.88,0.03
22/05/2017,10.13,10.14,9.9,0.02
23/05/2017,10.17,10.17,9.93,0.02
24/05/2017,10.15,10.19,9.95,0.02
25/05/2017,10.19,10.21,9.97,0.02
26/05/2017,10.19,10.22,9.99,0.02
29/05/2017,10.24,10.22,10.01,0.02
30/05/2017,10.26,10.23,10.04,0.02
31/05/2017,10.21,10.23,10.06,0.02
01/06/2017,10.19,10.22,10.08,0.01
02/06/2017,10.24,10.22,10.1,0.01
05/06/2017,10.24,10.21,10.12,0.01
06/06/2017,10.21,10.19,10.14,0.0
07/06/2017,10.2,10.18,10.15,0.0
08/06/2017,10.15,10.18,10.16,0.0
09/06/2017,10.13,10.18,10.17,0.0
12/06/2017,10.22,10.18,10.18,0.0
13/06/2017,10.2,10.17,10.19,-0.0
14/06/2017,10.19,10.16,10.19,-0.0
15/06/2017,10.16,10.16,10.19,-0.0
16/06/2017,10.08,10.16,10.19,-0.0
19/06/2017,10.15,10.15,10.19,-0.0
20/06/2017,10.24,10.15,10.19,-0.0
21/06/2017,10.15,10.14,10.19,-0.0
22/06/2017,10.12,10.12,10.19,-0.01
23/06/2017,10.11,10.11,10.19,-0.01
26/06/2017,10.09,10.1,10.18,-0.01
27/06/2017,10.13,10.07,10.17,-0.01
28/06/2017,10.11,10.04,10.17,-0.01
29/06/2017,10.04,10.03,10.16,-0.01
30/06/2017,10.0,10.0,10.15,-0.01
03/07/2017,9.94,10.0,10.13,-0.01
04/07/2017,10.03,9.99,10.12,-0.01
05/07/2017,10.0,10.0,10.11,-0.01
06/07/2017,10.02,10.0,10.11,-0.01
07/07/2017,9.97,9.99,10.1,-0.01
10/07/2017,9.99,10.01,10.09,-0.01
11/07/2017,10.02,10.03,10.08,-0.0
12/07/2017,9.96,10.04,10.07,-0.0
13/07/2017,10.09,10.05,10.06,-0.0
14/07/2017,10.08,10.06,10.06,0.0
17/07/2017,10.03,10.06,10.06,0.0
18/07/2017,10.06,10.09,10.05,0.0
19/07/2017,10.05,10.1,10.04,0.01
20/07/2017,10.1,10.1,10.04,0.01
21/07/2017,10.18,10.11,10.05,0.01
24/07/2017,10.13,10.12,10.05,0.01
25/07/2017,10.03,10.1,10.04,0.01
26/07/2017,10.11,10.08,10.04,0.0
27/07/2017,10.13,10.08,10.05,0.0
28/07/2017,10.12,10.08,10.05,0.0
31/07/2017,10.02,10.07,10.06,0.0
01/08/2017,10.03,10.08,10.06,0.0
02/08/2017,10.1,10.12,10.06,0.01
03/08/2017,10.08,10.17,10.06,0.01
04/08/2017,10.18,10.2,10.07,0.01
07/08/2017,10.23,10.23,10.09,0.01
08/08/2017,10.26,10.22,10.1,0.01
09/08/2017,10.27,10.17,10.11,0.01
10/08/2017,10.21,10.13,10.12,0.0
11/08/2017,10.11,10.1,10.12,-0.0
14/08/2017,10.0,10.09,10.12,-0.0
15/08/2017,10.06,10.1,10.12,-0.0
16/08/2017,10.11,10.1,10.12,-0.0
17/08/2017,10.18,10.1,10.13,-0.0
18/08/2017,10.12,10.1,10.12,-0.0
21/08/2017,10.04,10.09,10.12,-0.0
22/08/2017,10.03,10.09,10.12,-0.0
23/08/2017,10.12,10.11,10.12,-0.0
24/08/2017,10.12,10.13,10.12,0.0
25/08/2017,10.15,10.12,10.12,-0.0
28/08/2017,10.14,10.11,10.13,-0.0
29/08/2017,10.11,10.12,10.13,-0.0
30/08/2017,10.06,10.13,10.13,0.0
31/08/2017,10.1,10.14,10.13,0.0
01/09/2017,10.19,10.15,10.13,0.0
04/09/2017,10.2,10.13,10.13,0.0
05/09/2017,10.16,10.09,10.12,-0.0
06/09/2017,10.11,10.06,10.12,-0.01
15/09/2017,10.01,10.03,10.11,-0.01
20/09/2017,9.98,10.01,10.1,-0.01
22/09/2017,10.03,10.01,10.1,-0.01
25/09/2017,10.01,10.02,10.1,-0.01
26/09/2017,10.01,10.02,10.09,-0.01
27/09/2017,9.99,10.06,10.08,-0.0
28/09/2017,10.05,10.11,10.08,0.0
29/09/2017,10.05,10.16,10.08,0.01
02/10/2017,10.21,10.21,10.09,0.01
03/10/2017,10.25,10.27,10.1,0.02
04/10/2017,10.25,10.29,10.1,0.02
05/10/2017,10.3,10.3,10.11,0.02
06/10/2017,10.32,10.32,10.12,0.02
09/10/2017,10.3,10.33,10.13,0.02
10/10/2017,10.3,10.34,10.14,0.02
11/10/2017,10.35,10.35,10.15,0.02
12/10/2017,10.38,10.36,10.16,0.02
13/10/2017,10.38,10.36,10.17,0.02
16/10/2017,10.34,10.36,10.18,0.02
17/10/2017,10.33,10.35,10.19,0.01
18/10/2017,10.36,10.35,10.21,0.01
19/10/2017,10.36,10.35,10.23,0.01
20/10/2017,10.34,10.32,10.24,0.01
23/10/2017,10.34,10.31,10.26,0.0
24/10/2017,10.34,10.3,10.28,0.0
25/10/2017,10.23,10.29,10.29,0.0
26/10/2017,10.29,10.29,10.3,-0.0
27/10/2017,10.32,10.3,10.31,-0.0
30/10/2017,10.29,10.32,10.32,-0.0
31/10/2017,10.3,10.33,10.32,0.0
01/11/2017,10.29,10.35,10.32,0.0
02/11/2017,10.39,10.36,10.33,0.0
03/11/2017,10.39,10.37,10.33,0.0
06/11/2017,10.39,10.35,10.34,0.0
07/11/2017,10.33,10.32,10.34,-0.0
08/11/2017,10.35,10.28,10.34,-0.01
09/11/2017,10.3,10.26,10.33,-0.01
10/11/2017,10.23,10.22,10.32,-0.01
13/11/2017,10.2,10.19,10.32,-0.01
14/11/2017,10.2,10.18,10.31,-0.01
15/11/2017,10.15,10.18,10.3,-0.01
16/11/2017,10.18,10.18,10.29,-0.01
17/11/2017,10.17,10.19,10.28,-0.01
20/11/2017,10.19,10.2,10.28,-0.01
21/11/2017,10.21,10.21,10.27,-0.01
22/11/2017,10.21,10.21,10.27,-0.01
23/11/2017,10.24,10.23,10.27,-0.0
24/11/2017,10.22,10.23,10.26,-0.0
27/11/2017,10.19,10.2,10.26,-0.01
28/11/2017,10.3,10.17,10.26,-0.01
29/11/2017,10.21,10.15,10.25,-0.01
30/11/2017,10.11,10.11,10.24,-0.01
01/12/2017,10.07,10.1,10.22,-0.01
04/12/2017,10.07,10.1,10.21,-0.01
05/12/2017,10.11,10.12,10.19,-0.01
06/12/2017,10.13,10.15,10.18,-0.0
07/12/2017,10.1,10.19,10.17,0.0
08/12/2017,10.19,10.23,10.17,0.01
11/12/2017,10.19,10.28,10.17,0.01
12/12/2017,10.34,10.31,10.18,0.01
13/12/2017,10.34,10.35,10.19,0.02
14/12/2017,10.35,10.36,10.2,0.02
15/12/2017,10.34,10.37,10.2,0.02
18/12/2017,10.4,10.38,10.22,0.02
19/12/2017,10.4,10.41,10.22,0.02
20/12/2017,10.38,10.43,10.23,0.02
21/12/2017,10.38,10.45,10.24,0.02
22/12/2017,10.49,10.48,10.25,0.02
27/12/2017,10.48,10.52,10.27,0.02
28/12/2017,10.52,10.54,10.28,0.02
29/12/2017,10.53,10.57,10.3,0.03
02/01/2018,10.56,10.6,10.32,0.03
03/01/2018,10.6,10.61,10.35,0.03
04/01/2018,10.62,10.64,10.37,0.02
05/01/2018,10.66,10.65,10.4,0.02
08/01/2018,10.63,10.67,10.43,0.02
09/01/2018,10.67,10.68,10.45,0.02
10/01/2018,10.67,10.7,10.48,0.02
11/01/2018,10.71,10.7,10.5,0.02
12/01/2018,10.71,10.7,10.52,0.02
15/01/2018,10.72,10.7,10.54,0.01
16/01/2018,10.71,10.69,10.56,0.01
17/01/2018,10.67,10.67,10.58,0.01
18/01/2018,10.67,10.67,10.59,0.01
19/01/2018,10.68,10.67,10.6,0.01
22/01/2018,10.65,10.66,10.62,0.0
23/01/2018,10.68,10.65,10.63,0.0
24/01/2018,10.68,10.64,10.64,-0.0
25/01/2018,10.63,10.6,10.65,-0.01
26/01/2018,10.59,10.54,10.65,-0.01
29/01/2018,10.59,10.47,10.66,-0.02
30/01/2018,10.48,10.38,10.65,-0.03
31/01/2018,10.41,10.23,10.64,-0.04
02/02/2018,10.28,10.15,10.62,-0.05
05/02/2018,10.12,10.05,10.6,-0.05
06/02/2018,9.87,9.95,10.56,-0.06
07/02/2018,10.05,9.91,10.53,-0.06
08/02/2018,9.91,9.91,10.49,-0.06
09/02/2018,9.79,9.89,10.45,-0.06
12/02/2018,9.91,9.92,10.41,-0.05
13/02/2018,9.9,9.98,10.36,-0.04
14/02/2018,9.96,10.01,10.33,-0.03
15/02/2018,10.03,10.04,10.29,-0.03
16/02/2018,10.1,10.06,10.27,-0.02
19/02/2018,10.04,10.07,10.23,-0.02
20/02/2018,10.05,10.07,10.2,-0.01
21/02/2018,10.09,10.08,10.17,-0.01
22/02/2018,10.08,10.1,10.14,-0.0
23/02/2018,10.07,10.09,10.12,-0.0
26/02/2018,10.13,10.07,10.09,-0.0
27/02/2018,10.12,10.02,10.07,-0.0
28/02/2018,10.04,9.97,10.05,-0.01
01/03/2018,9.98,9.94,10.03,-0.01
02/03/2018,9.84,9.92,10.0,-0.01
05/03/2018,9.9,9.93,9.99,-0.01
06/03/2018,9.94,9.98,10.0,-0.0
07/03/2018,9.96,10.01,9.99,0.0
08/03/2018,10.03,10.01,10.0,0.0
09/03/2018,10.07,10.0,10.01,-0.0
12/03/2018,10.04,9.99,10.02,-0.0
13/03/2018,9.95,9.97,10.02,-0.01
14/03/2018,9.94,9.92,10.02,-0.01
15/03/2018,9.94,9.91,10.02,-0.01
16/03/2018,9.98,9.88,10.01,-0.01
19/03/2018,9.81,9.83,10.0,-0.02
20/03/2018,9.86,9.77,9.99,-0.02
21/03/2018,9.81,9.73,9.97,-0.03
22/03/2018,9.7,9.7,9.95,-0.03
23/03/2018,9.65,9.71,9.93,-0.02
26/03/2018,9.61,9.74,9.91,-0.02
27/03/2018,9.76,9.77,9.89,-0.01
28/03/2018,9.82,9.81,9.88,-0.01
29/03/2018,9.87,9.87,9.87,0.0
03/04/2018,9.81,9.92,9.87,0.0
04/04/2018,9.82,9.95,9.87,0.01
05/04/2018,10.06,10.02,9.87,0.01
06/04/2018,10.03,10.08,9.88,0.02
09/04/2018,10.05,10.1,9.88,0.02
10/04/2018,10.14,10.12,9.88,0.02
11/04/2018,10.13,10.13,9.89,0.02
12/04/2018,10.14,10.12,9.9,0.02
13/04/2018,10.15,10.14,9.91,0.02
16/04/2018,10.06,10.16,9.91,0.02
17/04/2018,10.1,10.19,9.92,0.03
18/04/2018,10.23,10.25,9.94,0.03
19/04/2018,10.25,10.3,9.96,0.03
20/04/2018,10.3,10.32,9.98,0.03
23/04/2018,10.35,10.35,10.02,0.03
24/04/2018,10.39,10.39,10.05,0.03
25/04/2018,10.33,10.43,10.09,0.03
26/04/2018,10.39,10.46,10.12,0.03
27/04/2018,10.51,10.5,10.16,0.03
30/04/2018,10.51,10.54,10.19,0.03
02/05/2018,10.56,10.57,10.23,0.03
03/05/2018,10.51,10.58,10.26,0.03
04/05/2018,10.6,10.62,10.29,0.03
07/05/2018,10.65,10.68,10.32,0.03
08/05/2018,10.59,10.73,10.35,0.04
09/05/2018,10.74,10.77,10.37,0.04
10/05/2018,10.83,10.82,10.41,0.04
11/05/2018,10.85,10.85,10.45,0.04
14/05/2018,10.84,10.87,10.48,0.04
15/05/2018,10.85,10.89,10.52,0.03
16/05/2018,10.87,10.93,10.56,0.03
17/05/2018,10.94,10.97,10.59,0.03
18/05/2018,10.94,10.99,10.63,0.03
21/05/2018,11.05,10.97,10.66,0.03
22/05/2018,11.07,10.96,10.7,0.02
23/05/2018,10.95,10.91,10.73,0.02
24/05/2018,10.85,10.85,10.76,0.01
25/05/2018,10.87,10.82,10.78,0.0
28/05/2018,10.82,10.81,10.8,0.0
29/05/2018,10.74,10.8,10.81,-0.0
30/05/2018,10.81,10.81,10.82,-0.0
31/05/2018,10.79,10.83,10.83,-0.0
01/06/2018,10.84,10.84,10.84,-0.0
04/06/2018,10.9,10.85,10.86,-0.0
05/06/2018,10.82,10.86,10.87,-0.0
06/06/2018,10.86,10.86,10.87,-0.0
07/06/2018,10.86,10.87,10.88,-0.0
08/06/2018,10.85,10.87,10.88,-0.0
11/06/2018,10.91,10.89,10.88,0.0
12/06/2018,10.86,10.87,10.88,-0.0
13/06/2018,10.86,10.84,10.88,-0.0
14/06/2018,10.96,10.81,10.88,-0.01
15/06/2018,10.77,10.79,10.87,-0.01
18/06/2018,10.76,10.73,10.86,-0.01
19/06/2018,10.72,10.7,10.84,-0.01
20/06/2018,10.76,10.67,10.83,-0.01
21/06/2018,10.66,10.66,10.82,-0.02
25/06/2018,10.58,10.65,10.81,-0.01
26/06/2018,10.63,10.69,10.8,-0.01
27/06/2018,10.65,10.7,10.79,-0.01
28/06/2018,10.75,10.72,10.79,-0.01
29/06/2018,10.82,10.72,10.79,-0.01
02/07/2018,10.65,10.72,10.78,-0.01
03/07/2018,10.72,10.71,10.77,-0.01
04/07/2018,10.69,10.75,10.77,-0.0
05/07/2018,10.73,10.78,10.76,0.0
06/07/2018,10.75,10.78,10.75,0.0
09/07/2018,10.85,10.8,10.75,0.0
10/07/2018,10.86,10.81,10.75,0.01
11/07/2018,10.72,10.78,10.74,0.0
12/07/2018,10.8,10.77,10.74,0.0
13/07/2018,10.82,10.79,10.73,0.01
16/07/2018,10.73,10.8,10.73,0.01
17/07/2018,10.77,10.8,10.73,0.01
18/07/2018,10.84,10.82,10.74,0.01
19/07/2018,10.85,10.84,10.74,0.01
20/07/2018,10.84,10.84,10.75,0.01
23/07/2018,10.81,10.83,10.76,0.01
24/07/2018,10.88,10.84,10.78,0.01
25/07/2018,10.81,10.85,10.78,0.01
26/07/2018,10.82,10.86,10.79,0.01
27/07/2018,10.87,10.86,10.79,0.01
30/07/2018,10.87,10.83,10.8,0.0
31/07/2018,10.94,10.83,10.81,0.0
01/08/2018,10.8,10.82,10.82,-0.0
02/08/2018,10.69,10.81,10.82,-0.0
03/08/2018,10.83,10.84,10.82,0.0
06/08/2018,10.82,10.9,10.82,0.01
07/08/2018,10.9,10.91,10.82,0.01
08/08/2018,10.98,10.92,10.83,0.01
09/08/2018,10.99,10.9,10.84,0.01
10/08/2018,10.88,10.83,10.85,-0.0
13/08/2018,10.84,10.78,10.85,-0.01
14/08/2018,10.81,10.76,10.85,-0.01
15/08/2018,10.64,10.75,10.84,-0.01
16/08/2018,10.75,10.74,10.84,-0.01
17/08/2018,10.75,10.77,10.83,-0.01
20/08/2018,10.8,10.77,10.83,-0.01
21/08/2018,10.76,10.78,10.83,-0.0
22/08/2018,10.77,10.78,10.83,-0.0
23/08/2018,10.76,10.8,10.82,-0.0
24/08/2018,10.78,10.8,10.82,-0.0
27/08/2018,10.84,10.78,10.82,-0.0
28/08/2018,10.84,10.74,10.81,-0.01
29/08/2018,10.76,10.71,10.81,-0.01
30/08/2018,10.7,10.67,10.81,-0.01
31/08/2018,10.58,10.61,10.8,-0.02
03/09/2018,10.68,10.56,10.79,-0.02
04/09/2018,10.61,10.52,10.78,-0.02
05/09/2018,10.5,10.45,10.75,-0.03
06/09/2018,10.42,10.4,10.72,-0.03
07/09/2018,10.36,10.38,10.7,-0.03
10/09/2018,10.37,10.37,10.67,-0.03
11/09/2018,10.36,10.38,10.65,-0.03
12/09/2018,10.41,10.39,10.64,-0.02
13/09/2018,10.37,10.4,10.62,-0.02
14/09/2018,10.41,10.4,10.6,-0.02
17/09/2018,10.4,10.43,10.58,-0.02
18/09/2018,10.39,10.48,10.57,-0.01
19/09/2018,10.44,10.52,10.55,-0.0
20/09/2018,10.5,10.58,10.54,0.0
21/09/2018,10.67,10.64,10.53,0.01
24/09/2018,10.62,10.69,10.52,0.02
25/09/2018,10.69,10.69,10.51,0.02
26/09/2018,10.7,10.7,10.51,0.02
27/09/2018,10.75,10.69,10.51,0.02
28/09/2018,10.7,10.69,10.52,0.02
01/10/2018,10.68,10.66,10.52,0.01
02/10/2018,10.65,10.61,10.52,0.01
03/10/2018,10.7,10.53,10.53,0.0
04/10/2018,10.58,10.47,10.54,-0.01
05/10/2018,10.43,10.36,10.54,-0.02
08/10/2018,10.31,10.25,10.54,-0.03
09/10/2018,10.32,10.16,10.54,-0.04
10/10/2018,10.18,10.1,10.52,-0.04
11/10/2018,10.0,10.05,10.51,-0.05
12/10/2018,9.98,10.03,10.48,-0.05
15/10/2018,10.03,10.04,10.47,-0.04
16/10/2018,10.08,10.05,10.45,-0.04
17/10/2018,10.06,10.06,10.43,-0.04
18/10/2018,10.03,10.03,10.41,-0.04
19/10/2018,10.06,10.0,10.38,-0.04
22/10/2018,10.06,9.99,10.35,-0.04
23/10/2018,9.93,9.96,10.31,-0.03
24/10/2018,9.94,9.96,10.27,-0.03
25/10/2018,10.0,9.98,10.23,-0.03
26/10/2018,9.91,10.03,10.2,-0.02
29/10/2018,10.03,10.06,10.16,-0.01
30/10/2018,10.04,10.11,10.13,-0.0
31/10/2018,10.18,10.13,10.11,0.0
01/11/2018,10.15,10.13,10.08,0.0
02/11/2018,10.12,10.13,10.07,0.01
05/11/2018,10.14,10.14,10.06,0.01
06/11/2018,10.06,10.14,10.05,0.01
07/11/2018,10.16,10.13,10.05,0.01
08/11/2018,10.21,10.14,10.06,0.01
09/11/2018,10.15,10.11,10.07,0.0
12/11/2018,10.08,10.09,10.07,0.0
13/11/2018,10.08,10.07,10.07,-0.0
14/11/2018,10.05,10.06,10.07,-0.0
15/11/2018,10.08,10.03,10.07,-0.0
16/11/2018,10.05,10.04,10.07,-0.0
19/11/2018,10.03,10.02,10.07,-0.0
20/11/2018,9.95,10.01,10.07,-0.01
21/11/2018,10.1,10.02,10.08,-0.01
22/11/2018,9.99,10.04,10.08,-0.0
23/11/2018,9.97,10.03,10.08,-0.0
26/11/2018,10.09,10.05,10.08,-0.0
27/11/2018,10.06,10.06,10.08,-0.0
28/11/2018,10.05,10.07,10.08,-0.0
29/11/2018,10.09,10.07,10.07,-0.0
30/11/2018,10.0,10.04,10.07,-0.0
03/12/2018,10.13,9.95,10.07,-0.01
04/12/2018,10.08,9.89,10.07,-0.02
05/12/2018,9.92,9.79,10.06,-0.03
06/12/2018,9.61,9.73,10.03,-0.03
07/12/2018,9.72,9.72,10.01,-0.03
10/12/2018,9.64,9.77,9.98,-0.02
11/12/2018,9.77,9.79,9.97,-0.02
12/12/2018,9.87,9.81,9.96,-0.02
13/12/2018,9.87,9.77,9.95,-0.02
14/12/2018,9.82,9.74,9.94,-0.02
17/12/2018,9.71,9.69,9.92,-0.02
18/12/2018,9.61,9.66,9.9,-0.03
19/12/2018,9.71,9.65,9.88,-0.02
20/12/2018,9.62,9.66,9.87,-0.02
21/12/2018,9.63,9.65,9.85,-0.02
28/12/2018,9.67,9.65,9.83,-0.02
31/12/2018,9.67,9.68,9.81,-0.01
02/01/2019,9.67,9.7,9.79,-0.01
03/01/2019,9.6,9.74,9.76,-0.0
04/01/2019,9.81,9.79,9.76,0.0
07/01/2019,9.78,9.86,9.74,0.01
08/01/2019,9.85,9.89,9.73,0.02
09/01/2019,9.92,9.9,9.73,0.02
10/01/2019,9.97,9.91,9.74,0.02
11/01/2019,9.93,9.9,9.75,0.01
14/01/2019,9.84,9.87,9.76,0.01
15/01/2019,9.9,9.88,9.77,0.01
16/01/2019,9.85,9.91,9.77,0.01
17/01/2019,9.81,9.92,9.77,0.02
18/01/2019,10.01,9.91,9.78,0.01
21/01/2019,10.01,9.91,9.79,0.01
22/01/2019,9.91,9.86,9.81,0.01
23/01/2019,9.82,9.8,9.81,-0.0
24/01/2019,9.79,9.78,9.82,-0.0
25/01/2019,9.78,9.81,9.83,-0.0
28/01/2019,9.69,9.85,9.83,0.0
29/01/2019,9.81,9.91,9.84,0.01
30/01/2019,9.97,9.99,9.85,0.01
31/01/2019,10.01,10.09,9.87,0.02
01/02/2019,10.08,10.16,9.89,0.03
04/02/2019,10.1,10.19,9.9,0.03
05/02/2019,10.3,10.21,9.92,0.03
06/02/2019,10.3,10.23,9.94,0.03
07/02/2019,10.18,10.22,9.95,0.03
08/02/2019,10.15,10.23,9.96,0.03
11/02/2019,10.23,10.26,9.98,0.03
12/02/2019,10.24,10.31,10.0,0.03
13/02/2019,10.32,10.34,10.03,0.03
14/02/2019,10.35,10.36,10.05,0.03
15/02/2019,10.42,10.38,10.07,0.03
18/02/2019,10.39,10.38,10.09,0.03
19/02/2019,10.33,10.37,10.11,0.02
20/02/2019,10.41,10.36,10.14,0.02
21/02/2019,10.35,10.36,10.17,0.02
22/02/2019,10.36,10.33,10.2,0.01
25/02/2019,10.37,10.31,10.23,0.01
26/02/2019,10.32,10.29,10.26,0.0
27/02/2019,10.26,10.28,10.27,0.0
28/02/2019,10.23,10.29,10.28,0.0
01/03/2019,10.27,10.32,10.29,0.0
04/03/2019,10.32,10.35,10.3,0.0
05/03/2019,10.39,10.36,10.31,0.0
06/03/2019,10.41,10.36,10.31,0.0
07/03/2019,10.37,10.35,10.32,0.0
08/03/2019,10.29,10.35,10.33,0.0
11/03/2019,10.33,10.35,10.34,0.0
12/03/2019,10.36,10.39,10.34,0.0
13/03/2019,10.37,10.44,10.34,0.01
14/03/2019,10.41,10.49,10.35,0.01
15/03/2019,10.48,10.53,10.35,0.02
18/03/2019,10.58,10.58,10.36,0.02
19/03/2019,10.62,10.58,10.37,0.02
20/03/2019,10.57,10.54,10.38,0.02
21/03/2019,10.67,10.51,10.4,0.01
22/03/2019,10.45,10.48,10.4,0.01
25/03/2019,10.41,10.45,10.4,0.0
26/03/2019,10.44,10.47,10.41,0.01
27/03/2019,10.44,10.51,10.42,0.01
28/03/2019,10.5,10.57,10.43,0.01
29/03/2019,10.57,10.64,10.45,0.02
01/04/2019,10.61,10.69,10.46,0.02
02/04/2019,10.72,10.74,10.48,0.02
03/04/2019,10.77,10.78,10.5,0.03
04/04/2019,10.76,10.79,10.52,0.03
05/04/2019,10.82,10.8,10.54,0.02
08/04/2019,10.82,10.8,10.57,0.02
09/04/2019,10.79,10.8,10.59,0.02
10/04/2019,10.79,10.8,10.61,0.02
11/04/2019,10.79,10.81,10.63,0.02
12/04/2019,10.82,10.83,10.65,0.02
15/04/2019,10.81,10.84,10.66,0.02
16/04/2019,10.86,10.87,10.67,0.02
17/04/2019,10.87,10.88,10.69,0.02
18/04/2019,10.86,10.88,10.7,0.02
23/04/2019,10.95,10.87,10.72,0.01
24/04/2019,10.88,10.86,10.74,0.01
25/04/2019,10.83,10.83,10.76,0.01
26/04/2019,10.82,10.8,10.78,0.0
29/04/2019,10.84,10.79,10.8,-0.0
30/04/2019,10.81,10.76,10.81,-0.0
02/05/2019,10.71,10.71,10.81,-0.01
03/05/2019,10.76,10.66,10.82,-0.01
06/05/2019,10.68,10.63,10.81,-0.02
07/05/2019,10.57,10.57,10.8,-0.02
08/05/2019,10.6,10.53,10.79,-0.02
09/05/2019,10.52,10.53,10.78,-0.02
10/05/2019,10.51,10.54,10.76,-0.02
13/05/2019,10.46,10.59,10.75,-0.01
14/05/2019,10.56,10.64,10.73,-0.01
15/05/2019,10.65,10.69,10.73,-0.0
16/05/2019,10.77,10.72,10.72,-0.0
17/05/2019,10.76,10.74,10.72,0.0
20/05/2019,10.7,10.7,10.71,-0.0
21/05/2019,10.73,10.68,10.7,-0.0
22/05/2019,10.74,10.68,10.69,-0.0
23/05/2019,10.59,10.64,10.68,-0.0
24/05/2019,10.66,10.61,10.67,-0.01
28/05/2019,10.69,10.59,10.66,-0.01
29/05/2019,10.52,10.56,10.65,-0.01
30/05/2019,10.58,10.54,10.64,-0.01
31/05/2019,10.49,10.55,10.63,-0.01
03/06/2019,10.53,10.57,10.62,-0.0
04/06/2019,10.58,10.62,10.61,0.0
05/06/2019,10.58,10.68,10.61,0.01
06/06/2019,10.65,10.73,10.61,0.01
07/06/2019,10.76,10.78,10.62,0.01
10/06/2019,10.82,10.81,10.64,0.02
11/06/2019,10.85,10.82,10.66,0.01
12/06/2019,10.81,10.81,10.67,0.01
13/06/2019,10.81,10.83,10.68,0.01
14/06/2019,10.78,10.84,10.68,0.01
17/06/2019,10.8,10.85,10.68,0.02
18/06/2019,10.92,10.87,10.69,0.02
19/06/2019,10.86,10.89,10.7,0.02
20/06/2019,10.9,10.88,10.71,0.02
21/06/2019,10.88,10.89,10.72,0.02
24/06/2019,10.89,10.88,10.74,0.01
25/06/2019,10.89,10.89,10.75,0.01
26/06/2019,10.89,10.92,10.76,0.01
27/06/2019,10.87,10.96,10.78,0.02
28/06/2019,10.91,11.02,10.8,0.02
01/07/2019,11.02,11.08,10.82,0.02
02/07/2019,11.11,11.12,10.85,0.02
03/07/2019,11.18,11.13,10.88,0.02
04/07/2019,11.17,11.12,10.91,0.02
05/07/2019,11.1,11.1,10.92,0.02
08/07/2019,11.09,11.07,10.94,0.01
09/07/2019,11.07,11.06,10.95,0.01
10/07/2019,11.07,11.05,10.96,0.01
11/07/2019,11.03,11.06,10.97,0.01
12/07/2019,11.03,11.07,10.98,0.01
15/07/2019,11.07,11.06,11.0,0.01
16/07/2019,11.13,11.06,11.01,0.0
17/07/2019,11.07,11.05,11.02,0.0
18/07/2019,11.0,11.05,11.02,0.0
19/07/2019,11.03,11.04,11.03,0.0
22/07/2019,11.04,11.04,11.04,0.0
23/07/2019,11.1,11.05,11.05,0.0
24/07/2019,11.03,11.1,11.06,0.0
25/07/2019,11.01,11.13,11.06,0.01
26/07/2019,11.1,11.16,11.07,0.01
29/07/2019,11.3,11.19,11.09,0.01
30/07/2019,11.24,11.15,11.09,0.0
31/07/2019,11.16,11.01,11.09,-0.01
01/08/2019,11.15,10.87,11.09,-0.02
02/08/2019,10.88,10.76,11.08,-0.03
05/08/2019,10.62,10.68,11.06,-0.04
06/08/2019,10.54,10.64,11.03,-0.04
07/08/2019,10.58,10.66,11.0,-0.03
08/08/2019,10.76,10.69,10.99,-0.03
09/08/2019,10.72,10.68,10.98,-0.03
12/08/2019,10.68,10.62,10.96,-0.03
13/08/2019,10.71,10.59,10.93,-0.03
14/08/2019,10.56,10.59,10.91,-0.03
15/08/2019,10.47,10.56,10.88,-0.03
16/08/2019,10.55,10.59,10.86,-0.03
19/08/2019,10.66,10.6,10.84,-0.02
20/08/2019,10.57,10.6,10.81,-0.02
21/08/2019,10.68,,10.8,
22/08/2019,10.57,,10.77,
23/08/2019,10.53,,10.75,
26/08/2019,,,,
27/08/2019,10.51,,,
28/08/2019,10.56,10.64,,
29/08/2019,10.66,10.7,,
30/08/2019,10.69,10.76,,
02/09/2019,10.81,10.79,,
03/09/2019,10.78,10.81,,
04/09/2019,10.85,10.8,,
05/09/2019,10.8,10.8,,
06/09/2019,10.82,10.81,,
09/09/2019,10.74,10.83,,
10/09/2019,10.79,10.86,,
11/09/2019,10.9,10.88,,
12/09/2019,10.91,10.9,,
13/09/2019,10.95,10.89,,
16/09/2019,10.87,10.9,,
17/09/2019,10.87,10.89,,
18/09/2019,10.87,10.89,,
19/09/2019,10.94,10.88,,
20/09/2019,10.91,10.88,,
23/09/2019,10.89,10.87,10.81,0.01
24/09/2019,10.82,10.9,10.82,0.01
25/09/2019,10.83,10.92,10.83,0.01
26/09/2019,10.92,10.95,10.85,0.01
27/09/2019,11.04,10.89,10.87,0.0
30/09/2019,11.01,10.81,10.88,-0.01
01/10/2019,10.93,10.73,10.88,-0.01
02/10/2019,10.57,10.67,10.87,-0.02
03/10/2019,10.52,10.61,10.85,-0.02
04/10/2019,10.65,10.63,10.85,-0.02
07/10/2019,10.71,10.67,10.84,-0.02
08/10/2019,10.62,10.7,10.84,-0.01
09/10/2019,10.66,10.7,10.82,-0.01
10/10/2019,10.7,10.72,10.81,-0.01
11/10/2019,10.79,10.73,10.81,-0.01
14/10/2019,10.74,10.73,10.8,-0.01
15/10/2019,10.74,10.7,10.79,-0.01
16/10/2019,10.67,10.69,10.78,-0.01
17/10/2019,10.71,10.69,10.77,-0.01
18/10/2019,10.65,10.72,10.76,-0.0
21/10/2019,10.67,10.76,10.75,0.0
22/10/2019,10.74,10.81,10.74,0.01
23/10/2019,10.81,10.86,10.74,0.01
24/10/2019,10.92,10.88,10.74,0.01
25/10/2019,10.9,10.91,10.73,0.02
28/10/2019,10.91,10.88,10.73,0.01
29/10/2019,10.88,10.88,10.73,0.01
30/10/2019,10.92,10.89,10.74,0.01
31/10/2019,10.8,10.92,10.76,0.01
01/11/2019,10.88,10.94,10.77,0.02
04/11/2019,10.98,10.99,10.78,0.02
05/11/2019,11.01,11.0,10.8,0.02
06/11/2019,11.02,10.99,10.82,0.02
07/11/2019,11.04,10.99,10.84,0.01
08/11/2019,10.97,10.97,10.85,0.01
11/11/2019,10.92,10.95,10.86,0.01
12/11/2019,10.98,10.93,10.87,0.01
13/11/2019,10.96,10.93,10.88,0.0
14/11/2019,10.9,10.92,10.89,0.0
15/11/2019,10.91,10.9,10.91,-0.0
18/11/2019,10.91,10.88,10.92,-0.0
19/11/2019,10.93,10.89,10.93,-0.0
20/11/2019,10.85,10.92,10.93,-0.0
21/11/2019,10.81,10.94,10.92,0.0
22/11/2019,10.95,10.99,10.93,0.01
25/11/2019,11.05,11.05,10.93,0.01
26/11/2019,11.05,11.06,10.94,0.01
27/11/2019,11.1,11.03,10.95,0.01
28/11/2019,11.1,10.96,10.97,-0.0
29/11/2019,10.99,10.89,10.97,-0.01
02/12/2019,10.89,10.8,10.97,-0.02
03/12/2019,10.71,10.77,10.95,-0.02
04/12/2019,10.75,10.76,10.94,-0.02
05/12/2019,10.68,10.77,10.92,-0.01
06/12/2019,10.83,10.78,10.91,-0.01
09/12/2019,10.81,10.82,10.91,-0.01
10/12/2019,10.79,10.86,10.9,-0.0
11/12/2019,10.79,10.95,10.89,0.01
12/12/2019,10.87,11.04,10.89,0.01
13/12/2019,11.0,11.14,10.89,0.02
16/12/2019,11.27,11.23,10.91,0.03
17/12/2019,11.26,11.3,10.93,0.03
18/12/2019,11.29,11.32,10.95,0.03
19/12/2019,11.34,11.35,10.98,0.03
20/12/2019,11.32,11.38,11.0,0.03
23/12/2019,11.4,11.38,11.01,0.03
24/12/2019,11.4,11.38,11.03,0.03
27/12/2019,11.45,11.38,11.05,0.03
30/12/2019,11.35,11.38,11.06,0.03
31/12/2019,11.3,11.36,11.08,0.02
02/01/2020,11.38,11.36,11.1,0.02
03/01/2020,11.42,11.37,11.14,0.02
06/01/2020,11.34,11.36,11.17,0.02
07/01/2020,11.35,11.35,11.2,0.01
08/01/2020,11.34,11.36,11.22,0.01
09/01/2020,11.38,11.38,11.25,0.01
10/01/2020,11.35,11.4,11.28,0.01
13/01/2020,11.4,11.4,11.31,0.01
14/01/2020,11.41,11.43,11.34,0.01
15/01/2020,11.45,11.44,11.36,0.01
16/01/2020,11.41,11.44,11.37,0.01
17/01/2020,11.49,11.42,11.38,0.0
20/01/2020,11.45,11.38,11.39,-0.0
21/01/2020,11.4,11.36,11.39,-0.0
22/01/2020,11.35,11.29,11.39,-0.01
23/01/2020,11.24,11.25,11.38,-0.01
24/01/2020,11.36,11.22,11.38,-0.01
27/01/2020,11.1,11.19,11.36,-0.02
28/01/2020,11.21,11.1,11.36,-0.02
29/01/2020,11.2,11.07,11.35,-0.02
30/01/2020,11.06,11.06,11.33,-0.03
31/01/2020,10.91,11.06,11.31,-0.02
03/02/2020,10.98,11.09,11.29,-0.02
04/02/2020,11.14,11.14,11.28,-0.01
05/02/2020,11.2,11.18,11.27,-0.01
06/02/2020,11.24,11.2,11.27,-0.01
07/02/2020,11.18,11.21,11.26,-0.0
10/02/2020,11.15,11.2,11.25,-0.0
11/02/2020,11.23,11.19,11.24,-0.0
12/02/2020,11.29,11.19,11.23,-0.0
13/02/2020,11.18,11.16,11.22,-0.0
14/02/2020,11.12,11.14,11.2,-0.0
17/02/2020,11.15,11.14,11.18,-0.0
18/02/2020,11.07,11.14,11.17,-0.0
19/02/2020,11.19,11.06,11.16,-0.01
20/02/2020,11.17,10.96,11.16,-0.02
21/02/2020,11.12,10.84,11.14,-0.03
24/02/2020,10.75,10.66,11.13,-0.04
25/02/2020,10.56,10.42,11.09,-0.06
26/02/2020,10.59,10.28,11.06,-0.07
27/02/2020,10.28,10.2,11.02,-0.08
28/02/2020,9.94,10.13,10.97,-0.08
02/03/2020,10.05,10.11,10.93,-0.08
03/03/2020,10.13,10.11,10.88,-0.08
04/03/2020,10.26,9.91,10.83,-0.09
05/03/2020,10.16,9.69,10.78,-0.11
06/03/2020,9.96,9.41,10.72,-0.13
09/03/2020,9.04,9.07,10.61,-0.17
10/03/2020,9.0,8.77,10.5,-0.19
11/03/2020,8.89,8.51,10.38,-0.21
12/03/2020,8.45,8.31,10.24,-0.23
13/03/2020,8.45,8.07,10.11,-0.24
16/03/2020,7.75,7.92,9.94,-0.26
17/03/2020,8.02,7.8,9.79,-0.25
18/03/2020,7.7,7.76,9.61,-0.24
19/03/2020,7.67,7.8,9.44,-0.21
20/03/2020,7.86,7.94,9.27,-0.17
23/03/2020,7.55,8.16,9.11,-0.13
24/03/2020,8.25,8.26,9.0,-0.09
25/03/2020,8.36,8.44,8.89,-0.05
26/03/2020,8.8,8.51,8.81,-0.03
27/03/2020,8.35,8.49,8.73,-0.03
30/03/2020,8.45,8.39,8.65,-0.03
31/03/2020,8.59,8.35,8.58,-0.03
01/04/2020,8.26,8.35,8.48,-0.02
02/04/2020,8.31,8.35,8.38,-0.0
03/04/2020,8.17,8.42,8.3,0.01
06/04/2020,8.43,8.52,8.26,0.03
07/04/2020,8.6,8.64,8.24,0.05
08/04/2020,8.57,8.64,8.23,0.05
09/04/2020,8.83,8.62,8.25,0.04
14/04/2020,8.75,8.65,8.26,0.04
15/04/2020,8.45,8.65,8.3,0.04
16/04/2020,8.5,8.6,8.32,0.03
17/04/2020,8.74,8.66,8.37,0.03
20/04/2020,8.79,8.72,8.43,0.03
21/04/2020,8.53,8.71,8.46,0.03
22/04/2020,8.72,8.72,8.52,0.02
23/04/2020,8.8,8.81,8.55,0.03
24/04/2020,8.7,8.92,8.57,0.04
27/04/2020,8.84,8.94,8.57,0.04
28/04/2020,9.0,8.93,8.6,0.04
29/04/2020,9.24,8.93,8.64,0.03
30/04/2020,8.92,8.9,8.66,0.03
04/05/2020,8.64,8.85,8.68,0.02
05/05/2020,8.84,,8.7,
06/05/2020,8.85,,8.74,
07/05/2020,8.99,,8.76,
08/05/2020,,,,
11/05/2020,9.0,,,
12/05/2020,9.06,8.9,,
13/05/2020,8.93,8.93,,
14/05/2020,8.7,8.94,,
15/05/2020,8.8,8.99,,
18/05/2020,9.16,9.07,,
19/05/2020,9.09,9.13,,
20/05/2020,9.19,9.14,,
21/05/2020,9.12,9.17,,
22/05/2020,9.09,9.19,,
25/05/2020,9.23,9.25,,
26/05/2020,9.2,9.28,,
27/05/2020,9.32,9.3,,
28/05/2020,9.43,9.35,,
29/05/2020,9.21,9.42,,
01/06/2020,9.35,9.46,,
02/06/2020,9.43,9.58,,
03/06/2020,9.68,9.67,,
04/06/2020,9.62,9.71,,
05/06/2020,9.84,9.69,9.22,0.05
08/06/2020,9.79,9.61,9.26,0.04
09/06/2020,9.6,9.49,9.29,0.02
10/06/2020,9.59,9.37,9.32,0.01
11/06/2020,9.22,9.35,9.35,-0.0
12/06/2020,9.26,9.33,9.37,-0.0
15/06/2020,9.19,9.37,9.37,0.0
16/06/2020,9.48,9.43,9.39,0.0
17/06/2020,9.51,9.49,9.41,0.01
18/06/2020,9.44,9.51,9.42,0.01
19/06/2020,9.55,9.47,9.45,0.0
22/06/2020,9.48,9.45,9.46,-0.0
23/06/2020,9.6,9.41,9.48,-0.01
24/06/2020,9.3,9.4,9.48,-0.01
25/06/2020,9.34,9.36,9.47,-0.01
26/06/2020,9.36,9.37,9.48,-0.01
29/06/2020,9.44,9.4,9.48,-0.01
30/06/2020,9.37,9.4,9.48,-0.01
01/07/2020,9.36,9.42,9.47,-0.0
02/07/2020,9.47,9.43,9.46,-0.0
03/07/2020,9.35,9.43,9.43,-0.0
06/07/2020,9.54,9.37,9.42,-0.01
07/07/2020,9.41,9.36,9.41,-0.01
08/07/2020,9.36,9.32,9.4,-0.01
09/07/2020,9.2,9.32,9.4,-0.01
10/07/2020,9.27,9.36,9.4,-0.0
13/07/2020,9.39,9.43,9.41,0.0
14/07/2020,9.4,9.48,9.41,0.01
15/07/2020,9.57,9.51,9.41,0.01
16/07/2020,9.51,9.54,9.41,0.01
17/07/2020,9.56,9.51,9.41,0.01
20/07/2020,9.52,9.5,9.41,0.01
21/07/2020,9.54,9.45,9.41,0.0
22/07/2020,9.43,9.4,9.42,-0.0
23/07/2020,9.45,9.36,9.42,-0.01
24/07/2020,9.31,9.34,9.42,-0.01
27/07/2020,9.28,9.27,9.41,-0.02
28/07/2020,9.32,9.2,9.41,-0.02
29/07/2020,9.32,9.18,9.41,-0.02
30/07/2020,9.11,9.15,9.39,-0.03
31/07/2020,8.97,9.14,9.37,-0.03
03/08/2020,9.18,9.16,9.35,-0.02
04/08/2020,9.18,9.2,9.34,-0.02
05/08/2020,9.28,9.21,9.34,-0.01
06/08/2020,9.19,9.25,9.34,-0.01
07/08/2020,9.19,9.31,9.33,-0.0
10/08/2020,9.21,9.36,9.33,0.0
11/08/2020,9.37,9.38,9.32,0.01
12/08/2020,9.57,9.41,9.32,0.01
13/08/2020,9.44,9.39,9.32,0.01
14/08/2020,9.31,9.34,9.31,0.0
17/08/2020,9.36,9.3,9.3,-0.0
18/08/2020,9.27,9.27,9.29,-0.0
19/08/2020,9.35,9.27,9.28,-0.0
20/08/2020,9.2,9.26,9.27,-0.0
21/08/2020,9.18,9.24,9.26,-0.0
24/08/2020,9.34,9.24,9.27,-0.0
25/08/2020,9.23,9.22,9.26,-0.0
26/08/2020,9.25,,9.26,
27/08/2020,9.18,,9.26,
28/08/2020,9.12,,9.27,
31/08/2020,,,,
01/09/2020,8.97,,,
02/09/2020,9.09,9.0,,
03/09/2020,8.95,9.02,,
04/09/2020,8.88,9.04,,
07/09/2020,9.08,9.09,,
08/09/2020,9.08,9.16,,
09/09/2020,9.2,9.19,,
10/09/2020,9.19,9.24,,
11/09/2020,9.24,9.26,,
14/09/2020,9.23,9.28,,
15/09/2020,9.34,9.27,,
16/09/2020,9.32,9.2,,
17/09/2020,9.26,9.12,,
18/09/2020,9.2,9.06,,
21/09/2020,8.88,8.99,,
22/09/2020,8.93,8.94,,
23/09/2020,9.03,8.98,,
24/09/2020,8.91,9.0,,
25/09/2020,8.94,8.99,,
28/09/2020,9.1,9.01,9.09,-0.01
29/09/2020,9.03,9.03,9.09,-0.01
30/09/2020,8.98,9.03,9.09,-0.01
01/10/2020,9.01,9.05,9.09,-0.0
02/10/2020,9.04,9.07,9.1,-0.0
05/10/2020,9.11,9.1,9.1,0.0
06/10/2020,9.11,9.14,9.1,0.0
07/10/2020,9.11,9.16,9.1,0.01
08/10/2020,9.16,9.16,9.1,0.01
09/10/2020,9.22,9.16,9.09,0.01
12/10/2020,9.2,9.12,9.09,0.0
13/10/2020,9.13,9.09,9.08,0.0
14/10/2020,9.08,9.07,9.07,-0.0
15/10/2020,8.97,9.05,9.06,-0.0
16/10/2020,9.06,9.01,9.05,-0.0
19/10/2020,9.12,9.0,9.06,-0.01
20/10/2020,9.05,9.0,9.07,-0.01
21/10/2020,8.88,8.96,9.06,-0.01
22/10/2020,8.92,8.9,9.06,-0.02
23/10/2020,9.03,8.84,9.06,-0.02
26/10/2020,8.9,8.76,9.05,-0.03
27/10/2020,8.78,8.66,9.04,-0.04
28/10/2020,8.57,8.59,9.02,-0.05
29/10/2020,8.52,8.59,9.0,-0.05
30/10/2020,8.51,8.66,8.97,-0.04
02/11/2020,8.59,8.77,8.94,-0.02
03/11/2020,8.77,8.87,8.93,-0.01
04/11/2020,8.93,9.05,8.92,0.01
05/11/2020,9.03,9.2,8.91,0.03
06/11/2020,9.05,9.35,8.9,0.05
09/11/2020,9.45,9.47,8.92,0.06
10/11/2020,9.53,9.58,8.94,0.07
11/11/2020,9.67,9.64,8.97,0.07
12/11/2020,9.65,9.67,9.0,0.07
13/11/2020,9.62,9.68,9.03,0.07
16/11/2020,9.73,9.68,9.06,0.06
17/11/2020,9.66,9.68,9.09,0.06
18/11/2020,9.71,9.66,9.13,0.05
19/11/2020,9.65,9.65,9.17,0.05
20/11/2020,9.66,9.63,9.2,0.04
23/11/2020,9.59,9.6,9.23,0.04
24/11/2020,9.65,9.57,9.28,0.03
25/11/2020,9.58,9.55,9.33,0.02
26/11/2020,9.54,9.52,9.38,0.01
27/11/2020,9.52,9.55,9.43,0.01
30/11/2020,9.47,9.6,9.47,0.01
01/12/2020,9.49,9.66,9.51,0.02
02/12/2020,9.74,9.73,9.55,0.02
03/12/2020,9.77,9.8,9.59,0.02
04/12/2020,9.85,9.82,9.63,0.02
07/12/2020,9.8,9.83,9.64,0.02
08/12/2020,9.82,9.81,9.66,0.02
09/12/2020,9.86,9.82,9.67,0.02
10/12/2020,9.84,9.81,9.68,0.01
11/12/2020,9.76,9.83,9.68,0.01
14/12/2020,9.81,9.84,9.69,0.02
15/12/2020,9.81,9.86,9.7,0.02
16/12/2020,9.91,9.84,9.71,0.01
17/12/2020,9.92,9.84,9.72,0.01
18/12/2020,9.85,9.83,9.73,0.01
21/12/2020,9.72,9.83,9.73,0.01
22/12/2020,9.8,9.87,9.74,0.01
23/12/2020,9.88,9.95,9.76,0.02
24/12/2020,9.92,10.0,9.78,0.02
28/12/2020,10.03,10.01,9.8,0.02
29/12/2020,10.12,10.03,9.83,0.02
30/12/2020,10.05,10.03,9.86,0.02
31/12/2020,9.91,10.07,9.87,0.02
04/01/2021,10.04,10.12,9.88,0.02
05/01/2021,10.03,10.21,9.89,0.03
06/01/2021,10.31,10.24,9.92,0.03
07/01/2021,10.33,10.26,9.94,0.03
08/01/2021,10.33,10.22,9.97,0.02
11/01/2021,10.21,10.19,9.99,0.02
12/01/2021,10.11,10.14,10.0,0.01
13/01/2021,10.11,10.13,10.02,0.01
14/01/2021,10.2,10.12,10.04,0.01
15/01/2021,10.09,10.12,10.05,0.01
18/01/2021,10.13,10.1,10.06,0.0
19/01/2021,10.06,10.1,10.07,0.0
20/01/2021,10.11,10.09,10.09,0.0
21/01/2021,10.12,10.09,10.1,-0.0
22/01/2021,10.1,10.06,10.12,-0.01
25/01/2021,10.06,10.01,10.12,-0.01
26/01/2021,10.06,9.93,10.12,-0.02
27/01/2021,9.94,9.88,10.12,-0.02
28/01/2021,9.89,9.86,10.11,-0.02
29/01/2021,9.69,9.87,10.1,-0.02
01/02/2021,9.83,9.89,10.09,-0.02
02/02/2021,9.95,9.94,10.08,-0.01
03/02/2021,9.99,9.96,10.07,-0.01
04/02/2021,9.98,9.97,10.05,-0.01
05/02/2021,9.94,9.96,10.03,-0.01
08/02/2021,9.96,9.96,10.02,-0.01
09/02/2021,9.98,9.98,10.01,-0.0
10/02/2021,9.94,10.05,10.0,0.0
11/02/2021,9.98,10.1,9.99,0.01
12/02/2021,10.06,10.15,9.99,0.02
15/02/2021,10.28,10.17,10.0,0.02
16/02/2021,10.26,10.18,10.01,0.02
17/02/2021,10.17,10.13,10.01,0.01
18/02/2021,10.09,10.1,10.01,0.01
19/02/2021,10.12,10.09,10.01,0.01
22/02/2021,10.04,10.08,10.01,0.01
23/02/2021,10.09,10.03,10.01,0.0
24/02/2021,10.09,10.02,10.02,0.0
25/02/2021,10.06,10.02,10.02,-0.0
26/02/2021,9.86,10.03,10.03,-0.0
01/03/2021,10.01,10.03,10.04,-0.0
02/03/2021,10.07,10.06,10.05,0.0
03/03/2021,10.13,10.08,10.05,0.0
04/03/2021,10.09,10.11,10.06,0.0
05/03/2021,9.99,10.11,10.06,0.0
08/03/2021,10.13,10.13,10.07,0.01
09/03/2021,10.19,10.18,10.08,0.01
10/03/2021,10.15,10.19,10.09,0.01
11/03/2021,10.19,10.22,10.1,0.01
12/03/2021,10.22,10.24,10.11,0.01
15/03/2021,10.21,10.26,10.11,0.02
16/03/2021,10.34,10.26,10.11,0.01
17/03/2021,10.25,10.26,10.12,0.01
18/03/2021,10.29,10.24,10.13,0.01
19/03/2021,10.2,10.24,10.13,0.01
22/03/2021,10.24,10.24,10.14,0.01
23/03/2021,10.24,10.27,10.15,0.01
24/03/2021,10.26,10.29,10.16,0.01
25/03/2021,10.27,10.32,10.17,0.01
26/03/2021,10.34,10.33,10.19,0.01
29/03/2021,10.32,10.35,10.21,0.01
30/03/2021,10.4,10.38,10.22,0.02
31/03/2021,10.32,10.43,10.23,0.02
01/04/2021,10.39,10.48,10.25,0.02
06/04/2021,10.49,10.55,10.27,0.03
07/04/2021,10.56,10.6,10.29,0.03
08/04/2021,10.66,10.63,10.32,0.03
09/04/2021,10.66,10.64,10.34,0.03
12/04/2021,10.62,10.65,10.36,0.03
13/04/2021,10.65,10.68,10.38,0.03
14/04/2021,10.62,10.7,10.41,0.03
15/04/2021,10.71,10.69,10.42,0.03
16/04/2021,10.78,10.7,10.45,0.02
19/04/2021,10.75,10.7,10.47,0.02
20/04/2021,10.61,10.68,10.49,0.02
21/04/2021,10.63,10.68,10.51,0.02
22/04/2021,10.71,10.7,10.54,0.01
23/04/2021,10.71,10.71,10.56,0.01
26/04/2021,10.75,10.71,10.58,0.01
27/04/2021,10.7,10.71,10.6,0.01
28/04/2021,10.69,10.71,10.62,0.01
29/04/2021,10.69,10.69,10.63,0.01
30/04/2021,10.71,10.69,10.65,0.0
03/05/2021,10.75,10.71,10.67,0.0
04/05/2021,10.61,10.74,10.68,0.01
05/05/2021,10.71,10.76,10.69,0.01
06/05/2021,10.78,10.76,10.69,0.01
07/05/2021,10.85,10.75,10.7,0.0
10/05/2021,10.86,10.71,10.71,-0.0
11/05/2021,10.61,10.69,10.71,-0.0
12/05/2021,10.64,10.66,10.71,-0.01
13/05/2021,10.61,10.67,10.71,-0.0
14/05/2021,10.74,10.66,10.7,-0.0
17/05/2021,10.69,10.68,10.7,-0.0
18/05/2021,10.67,10.68,10.7,-0.0
19/05/2021,10.58,10.7,10.7,-0.0
20/05/2021,10.74,10.71,10.7,0.0
21/05/2021,10.71,10.75,10.7,0.0
24/05/2021,10.77,10.75,10.71,0.0
25/05/2021,10.76,10.76,10.71,0.0
26/05/2021,10.76,10.74,10.71,0.0
27/05/2021,10.74,10.76,10.71,0.0
28/05/2021,10.75,10.77,10.72,0.01
31/05/2021,10.71,10.78,10.71,0.01
01/06/2021,10.83,10.79,10.72,0.01
02/06/2021,10.84,10.82,10.73,0.01
03/06/2021,10.77,10.82,10.73,0.01
04/06/2021,10.8,10.81,10.73,0.01
07/06/2021,10.84,10.81,10.73,0.01
08/06/2021,10.86,10.82,10.74,0.01
09/06/2021,10.78,10.82,10.75,0.01
10/06/2021,10.76,10.83,10.76,0.01
11/06/2021,10.86,10.86,10.76,0.01
14/06/2021,10.85,10.87,10.77,0.01
15/06/2021,10.89,10.83,10.78,0.0
16/06/2021,10.92,10.82,10.8,0.0
17/06/2021,10.85,10.8,10.8,-0.0
18/06/2021,10.66,10.77,10.8,-0.0
21/06/2021,10.78,10.77,10.8,-0.0
22/06/2021,10.8,10.8,10.8,-0.0
23/06/2021,10.78,10.8,10.8,-0.0
24/06/2021,10.8,10.8,10.81,-0.0
25/06/2021,10.84,10.79,10.81,-0.0
28/06/2021,10.77,10.8,10.81,-0.0
29/06/2021,10.79,10.8,10.81,-0.0
30/06/2021,10.75,10.83,10.81,0.0
01/07/2021,10.84,10.85,10.81,0.0
02/07/2021,10.84,10.89,10.81,0.01
05/07/2021,10.93,10.87,10.82,0.01
06/07/2021,10.87,10.89,10.82,0.01
07/07/2021,10.96,10.89,10.83,0.01
08/07/2021,10.77,10.9,10.83,0.01
09/07/2021,10.91,10.88,10.83,0.0
12/07/2021,10.94,10.87,10.83,0.0
13/07/2021,10.93,10.84,10.84,-0.0
14/07/2021,10.86,10.75,10.83,-0.01
15/07/2021,10.72,10.67,10.83,-0.01
16/07/2021,10.72,10.65,10.83,-0.02
19/07/2021,10.5,10.64,10.82,-0.02
20/07/2021,10.56,10.66,10.8,-0.01
21/07/2021,10.74,10.72,10.8,-0.01
22/07/2021,10.7,10.75,10.8,-0.0
23/07/2021,10.83,10.76,10.8,-0.0
26/07/2021,10.8,10.78,10.8,-0.0
27/07/2021,10.71,10.77,10.79,-0.0
28/07/2021,10.75,10.77,10.79,-0.0
29/07/2021,10.81,10.8,10.79,0.0
30/07/2021,10.76,10.83,10.79,0.0
02/08/2021,10.83,10.85,10.78,0.01
03/08/2021,10.86,10.89,10.78,0.01
04/08/2021,10.89,10.92,10.78,0.01
05/08/2021,10.93,10.95,10.79,0.01
06/08/2021,10.95,10.99,10.79,0.02
09/08/2021,10.96,11.02,10.79,0.02
10/08/2021,11.0,11.06,10.79,0.02
11/08/2021,11.08,11.08,10.8,0.02
12/08/2021,11.09,11.08,10.82,0.02
13/08/2021,11.14,11.08,10.84,0.02
16/08/2021,11.07,11.06,10.87,0.02
17/08/2021,11.03,11.04,10.9,0.01
18/08/2021,11.07,11.03,10.91,0.01
19/08/2021,10.98,11.03,10.93,0.01
20/08/2021,11.04,11.03,10.94,0.01
23/08/2021,11.02,11.04,10.95,0.01
24/08/2021,11.02,11.04,10.96,0.01
25/08/2021,11.07,11.05,10.98,0.01
26/08/2021,11.03,11.06,10.99,0.01
27/08/2021,11.07,11.07,11.01,0.01
30/08/2021,11.08,11.09,11.02,0.01
31/08/2021,11.07,11.1,11.03,0.01
01/09/2021,11.11,11.12,11.04,0.01
02/09/2021,11.13,11.13,11.05,0.01
03/09/2021,11.11,11.11,11.06,0.0
06/09/2021,11.18,11.08,11.07,0.0
07/09/2021,11.12,11.04,11.08,-0.0
08/09/2021,11.02,11.0,11.07,-0.01
09/09/2021,10.95,10.97,11.07,-0.01
10/09/2021,10.93,10.95,11.06,-0.01
13/09/2021,10.99,10.95,11.05,-0.01
14/09/2021,10.96,10.94,11.05,-0.01
15/09/2021,10.91,10.9,11.04,-0.01
16/09/2021,10.96,10.88,11.04,-0.01
17/09/2021,10.88,10.9,11.03,-0.01
20/09/2021,10.78,10.9,11.02,-0.01
21/09/2021,10.87,10.91,11.01,-0.01
22/09/2021,10.99,10.93,11.01,-0.01
23/09/2021,11.0,10.89,11.01,-0.01
24/09/2021,10.92,10.86,11.0,-0.01
27/09/2021,10.86,10.8,10.99,-0.02
28/09/2021,10.71,10.76,10.97,-0.02
29/09/2021,10.8,10.71,10.95,-0.02
30/09/2021,10.73,10.71,10.93,-0.02
01/10/2021,10.69,10.66,10.91,-0.02
04/10/2021,10.62,10.65,10.88,-0.02
05/10/2021,10.72,10.64,10.86,-0.02
06/10/2021,10.56,10.65,10.84,-0.02
07/10/2021,10.65,10.63,10.83,-0.02
08/10/2021,10.63,10.66,10.81,-0.01
11/10/2021,10.67,10.69,10.79,-0.01
12/10/2021,10.65,10.73,10.78,-0.0
13/10/2021,10.7,10.75,10.77,-0.0
14/10/2021,10.8,10.78,10.76,0.0
15/10/2021,10.82,10.8,10.76,0.0
18/10/2021,10.78,10.8,10.76,0.0
19/10/2021,10.82,10.79,10.76,0.0
20/10/2021,10.8,10.79,10.75,0.0
21/10/2021,10.78,10.8,10.74,0.01
22/10/2021,10.78,10.81,10.73,0.01
25/10/2021,10.76,10.84,10.72,0.01
26/10/2021,10.87,10.86,10.73,0.01
27/10/2021,10.87,10.9,10.73,0.01
28/10/2021,10.9,10.91,10.74,0.02
29/10/2021,10.88,10.92,10.75,0.02
01/11/2021,10.95,10.94,10.77,0.02
02/11/2021,10.95,10.97,10.78,0.02
03/11/2021,10.91,10.98,10.8,0.02
04/11/2021,11.0,10.98,10.82,0.01
05/11/2021,11.02,11.01,10.84,0.02
08/11/2021,11.0,11.04,10.85,0.02
09/11/2021,10.96,11.05,10.87,0.02
10/11/2021,11.06,11.07,10.89,0.02
11/11/2021,11.15,11.09,10.9,0.02
12/11/2021,11.07,11.07,10.92,0.01
15/11/2021,11.1,11.05,10.93,0.01
16/11/2021,11.06,11.03,10.94,0.01
17/11/2021,10.99,11.02,10.95,0.01
18/11/2021,11.01,11.0,10.96,0.0
19/11/2021,11.0,11.0,10.98,0.0
22/11/2021,11.02,11.01,10.99,0.0
23/11/2021,10.98,10.96,10.99,-0.0
24/11/2021,11.01,10.91,11.0,-0.01
25/11/2021,11.06,10.85,11.01,-0.01
26/11/2021,10.73,10.82,11.0,-0.02
29/11/2021,10.79,10.77,10.99,-0.02
30/11/2021,10.68,10.77,10.98,-0.02
01/12/2021,10.86,10.79,10.98,-0.02
02/12/2021,10.78,10.87,10.97,-0.01
03/12/2021,10.75,10.9,10.95,-0.0
06/12/2021,10.89,10.95,10.95,-0.0
07/12/2021,11.05,10.99,10.95,0.0
08/12/2021,11.04,11.0,10.95,0.0
09/12/2021,11.01,10.96,10.94,0.0
10/12/2021,10.98,10.91,10.94,-0.0
13/12/2021,10.9,10.89,10.93,-0.0
14/12/2021,10.89,10.88,10.92,-0.0
15/12/2021,10.79,10.87,10.91,-0.0
16/12/2021,10.89,10.89,10.9,-0.0
17/12/2021,10.95,10.94,10.9,0.0
20/12/2021,10.83,10.98,10.89,0.01
21/12/2021,10.97,11.02,10.89,0.01
22/12/2021,11.04,11.09,10.89,0.02
23/12/2021,11.11,11.15,10.9,0.02
24/12/2021,11.14,11.19,10.92,0.02
27/12/2021,11.19,11.21,10.94,0.02
28/12/2021,11.26,,10.97,
29/12/2021,11.23,,10.98,
30/12/2021,11.21,,11.01,
31/12/2021,,,,
03/01/2022,11.27,,,
04/01/2022,11.32,11.27,,
05/01/2022,11.31,11.24,,
06/01/2022,11.2,11.22,,
07/01/2022,11.26,11.21,,
10/01/2022,11.12,11.21,,
11/01/2022,11.21,11.2,,
12/01/2022,11.25,11.22,,
13/01/2022,11.23,11.21,,
14/01/2022,11.18,11.2,,
17/01/2022,11.25,11.19,,
18/01/2022,11.14,11.16,,
19/01/2022,11.19,11.07,,
20/01/2022,11.19,11.01,,
21/01/2022,11.06,10.96,,
24/01/2022,10.77,10.92,,
25/01/2022,10.85,10.89,,
26/01/2022,10.92,10.92,,
27/01/2022,11.0,10.95,,
28/01/2022,10.89,10.99,11.13,-0.01
31/01/2022,10.94,10.98,11.11,-0.01
01/02/2022,10.99,10.98,11.1,-0.01
02/02/2022,11.1,10.98,11.09,-0.01
03/02/2022,10.99,10.96,11.08,-0.01
04/02/2022,10.86,10.96,11.06,-0.01
07/02/2022,10.95,10.98,11.05,-0.01
08/02/2022,10.92,11.02,11.03,-0.0
09/02/2022,11.09,11.01,11.02,-0.0
10/02/2022,11.11,11.01,11.02,-0.0
11/02/2022,11.05,10.99,11.01,-0.0
14/02/2022,10.87,10.94,10.99,-0.0
15/02/2022,10.96,10.91,10.98,-0.01
16/02/2022,10.95,10.9,10.97,-0.01
17/02/2022,10.88,10.87,10.96,-0.01
18/02/2022,10.87,10.84,10.95,-0.01
21/02/2022,10.82,10.74,10.95,-0.02
22/02/2022,10.82,10.72,10.95,-0.02
23/02/2022,10.83,10.69,10.94,-0.02
24/02/2022,10.37,10.63,10.91,-0.03
25/02/2022,10.76,10.59,10.91,-0.03
28/02/2022,10.69,10.58,10.89,-0.03
01/03/2022,10.52,10.43,10.87,-0.04
02/03/2022,10.6,10.25,10.84,-0.06
03/03/2022,10.33,10.09,10.81,-0.07
04/03/2022,9.98,10.01,10.77,-0.08
07/03/2022,9.82,9.96,10.71,-0.08
08/03/2022,9.72,10.0,10.65,-0.07
09/03/2022,10.18,10.11,10.61,-0.05
10/03/2022,10.09,10.22,10.56,-0.03
11/03/2022,10.17,10.3,10.51,-0.02
14/03/2022,10.38,10.41,10.49,-0.01
15/03/2022,10.29,10.52,10.45,0.01
16/03/2022,10.58,10.58,10.44,0.01
17/03/2022,10.63,10.67,10.42,0.02
18/03/2022,10.73,10.68,10.42,0.02
21/03/2022,10.68,10.67,10.41,0.02
22/03/2022,10.74,10.63,10.4,0.02
23/03/2022,10.61,10.61,10.39,0.02
24/03/2022,10.57,10.63,10.4,0.02
25/03/2022,10.56,10.65,10.39,0.02
28/03/2022,10.59,10.66,10.39,0.03
29/03/2022,10.8,10.68,10.4,0.03
30/03/2022,10.74,10.7,10.41,0.03
31/03/2022,10.62,10.69,10.42,0.03
01/04/2022,10.66,10.67,10.46,0.02
04/04/2022,10.7,10.68,10.5,0.02
05/04/2022,10.73,10.69,10.55,0.01
06/04/2022,10.65,10.69,10.58,0.01
07/04/2022,10.64,10.66,10.6,0.01
08/04/2022,10.75,10.65,10.63,0.0
11/04/2022,10.68,10.66,10.65,0.0
12/04/2022,10.59,10.63,10.66,-0.0
13/04/2022,10.6,10.63,10.66,-0.0
14/04/2022,10.67,10.67,10.67,0.0
19/04/2022,10.61,10.68,10.66,0.0
20/04/2022,10.68,10.66,10.66,-0.0
21/04/2022,10.76,10.63,10.66,-0.0
22/04/2022,10.69,10.6,10.66,-0.01
25/04/2022,10.55,10.57,10.66,-0.01
26/04/2022,10.49,10.57,10.66,-0.01
27/04/2022,10.5,10.56,10.66,-0.01
28/04/2022,10.63,10.58,10.65,-0.01
29/04/2022,10.67,10.57,10.64,-0.01
02/05/2022,10.5,10.53,10.64,-0.01
03/05/2022,10.58,10.44,10.63,-0.02
04/05/2022,10.45,10.34,10.62,-0.03
05/05/2022,10.44,10.23,10.61,-0.04
06/05/2022,10.21,10.18,10.58,-0.04
09/05/2022,10.01,10.11,10.55,-0.04
10/05/2022,10.06,10.13,10.52,-0.04
11/05/2022,10.16,10.19,10.49,-0.03
12/05/2022,10.1,10.25,10.47,-0.02
13/05/2022,10.3,10.27,10.45,-0.02
16/05/2022,10.32,10.27,10.44,-0.02
17/05/2022,10.38,10.26,10.42,-0.02
18/05/2022,10.27,10.27,10.4,-0.01
19/05/2022,10.1,10.26,10.37,-0.01
20/05/2022,10.23,10.27,10.35,-0.01
23/05/2022,10.39,10.34,10.34,0.0
24/05/2022,10.31,10.4,10.33,0.01
25/05/2022,10.33,10.44,10.32,0.01
26/05/2022,10.45,10.48,10.31,0.02
27/05/2022,10.52,10.5,10.31,0.02
30/05/2022,10.58,10.51,10.31,0.02
31/05/2022,10.52,10.5,10.31,0.02
01/06/2022,10.43,10.49,10.31,0.02
02/06/2022,10.51,10.48,10.31,0.02
03/06/2022,10.45,10.49,10.32,0.02
06/06/2022,10.56,10.44,10.35,0.01
07/06/2022,10.47,10.37,10.37,0.0
08/06/2022,10.46,10.24,10.38,-0.01
09/06/2022,10.29,10.1,10.39,-0.03
10/06/2022,10.1,10.01,10.38,-0.04
13/06/2022,9.88,9.89,10.36,-0.05
14/06/2022,9.81,9.82,10.33,-0.05
15/06/2022,9.98,9.8,10.32,-0.05
16/06/2022,9.7,9.8,10.3,-0.05
17/06/2022,9.73,9.77,10.27,-0.05
20/06/2022,9.79,9.78,10.24,-0.05
21/06/2022,9.82,9.83,10.22,-0.04
22/06/2022,9.83,9.89,10.19,-0.03
23/06/2022,9.74,9.95,10.16,-0.02
24/06/2022,9.99,9.99,10.13,-0.01
27/06/2022,10.07,10.02,10.11,-0.01
28/06/2022,10.13,10.0,10.09,-0.01
29/06/2022,10.04,9.96,10.07,-0.01
30/06/2022,9.88,9.88,10.03,-0.02
01/07/2022,9.87,9.86,10.01,-0.01
04/07/2022,9.88,9.89,9.97,-0.01
05/07/2022,9.75,9.92,9.94,-0.0
06/07/2022,9.92,9.95,9.91,0.0
07/07/2022,10.02,10.01,9.9,0.01
08/07/2022,10.06,10.02,9.89,0.01
11/07/2022,9.99,9.99,9.9,0.01
12/07/2022,10.05,9.99,9.91,0.01
13/07/2022,10.0,10.02,9.91,0.01
14/07/2022,9.87,10.07,9.92,0.01
15/07/2022,10.06,10.12,9.94,0.02
18/07/2022,10.14,10.21,9.96,0.02
19/07/2022,10.26,10.27,9.98,0.03
20/07/2022,10.25,10.31,10.0,0.03
21/07/2022,10.33,10.31,10.03,0.03
22/07/2022,10.37,10.32,10.05,0.03
25/07/2022,10.37,10.33,10.06,0.03
26/07/2022,10.25,10.37,10.07,0.03
27/07/2022,10.3,10.41,10.08,0.03
28/07/2022,10.36,10.45,10.1,0.03
29/07/2022,10.6,10.51,10.14,0.03
01/08/2022,10.55,10.56,10.17,0.04
02/08/2022,10.48,10.54,10.21,0.03
03/08/2022,10.56,10.54,10.24,0.03
04/08/2022,10.63,10.54,10.27,0.02
05/08/2022,10.47,10.55,10.29,0.02
08/08/2022,10.55,10.55,10.32,0.02
09/08/2022,10.47,10.57,10.34,0.02
10/08/2022,10.65,10.59,10.37,0.02
11/08/2022,10.6,10.63,10.41,0.02
12/08/2022,10.6,10.61,10.44,0.02
15/08/2022,10.65,10.61,10.46,0.01
16/08/2022,10.64,10.59,10.48,0.01
17/08/2022,10.55,10.54,10.5,0.0
18/08/2022,10.59,10.46,10.51,-0.0
19/08/2022,10.53,10.4,10.52,-0.01
22/08/2022,10.4,10.32,10.52,-0.02
23/08/2022,10.23,10.23,10.52,-0.03
24/08/2022,10.23,10.16,10.52,-0.03
25/08/2022,10.2,10.13,10.51,-0.04
26/08/2022,10.09,10.08,10.48,-0.04
29/08/2022,10.05,9.98,10.46,-0.05
30/08/2022,10.07,9.95,10.44,-0.05
31/08/2022,9.99,9.9,10.41,-0.05
01/09/2022,9.69,9.87,10.36,-0.05
02/09/2022,9.93,9.85,10.34,-0.05
05/09/2022,9.8,9.88,10.3,-0.04
06/09/2022,9.94,9.9,10.27,-0.04
07/09/2022,9.87,9.99,10.23,-0.02
08/09/2022,9.85,10.01,10.2,-0.02
09/09/2022,10.05,10.0,10.17,-0.02
12/09/2022,10.25,9.99,10.15,-0.01
13/09/2022,10.01,9.95,10.12,-0.02
14/09/2022,9.83,9.86,10.08,-0.02
15/09/2022,9.83,9.79,10.04,-0.03
16/09/2022,9.82,9.78,10.01,-0.02
19/09/2022,9.81,9.71,9.98,-0.03
20/09/2022,9.67,9.63,9.95,-0.03
21/09/2022,9.76,9.53,9.93,-0.04
22/09/2022,9.51,,9.89,
23/09/2022,9.39,,9.86,
26/09/2022,9.33,,9.82,
27/09/2022,,,,
28/09/2022,9.16,,,
29/09/2022,8.93,9.11,,
30/09/2022,9.03,9.12,,
03/10/2022,9.09,9.17,,
04/10/2022,9.34,9.18,,
05/10/2022,9.21,9.17,,
06/10/2022,9.19,9.09,,
07/10/2022,9.06,9.0,,
10/10/2022,9.05,8.94,,
11/10/2022,8.92,8.91,,
12/10/2022,8.79,8.93,,
13/10/2022,8.89,8.98,,
14/10/2022,8.9,9.02,,
17/10/2022,9.14,9.06,,
18/10/2022,9.17,9.08,,
19/10/2022,9.0,9.08,,
20/10/2022,9.08,9.11,,
21/10/2022,9.03,9.19,,
24/10/2022,9.14,9.24,,
25/10/2022,9.32,9.29,9.07,0.02
26/10/2022,9.37,9.33,9.08,0.03
27/10/2022,9.36,9.35,9.1,0.03
28/10/2022,9.29,9.36,9.12,0.03
31/10/2022,9.31,9.36,9.13,0.03
01/11/2022,9.44,9.42,9.13,0.03
02/11/2022,9.42,9.47,9.14,0.03
03/11/2022,9.35,9.53,9.15,0.04
04/11/2022,9.56,9.58,9.18,0.04
07/11/2022,9.59,9.73,9.2,0.05
08/11/2022,9.73,9.83,9.24,0.06
09/11/2022,9.7,9.94,9.29,0.07
10/11/2022,10.06,10.0,9.35,0.07
11/11/2022,10.08,10.05,9.41,0.06
14/11/2022,10.14,10.02,9.46,0.06
15/11/2022,10.05,10.0,9.5,0.05
16/11/2022,9.92,9.98,9.55,0.04
17/11/2022,9.9,9.98,9.59,0.04
18/11/2022,10.01,10.0,9.64,0.04
21/11/2022,10.04,10.04,9.68,0.04
22/11/2022,10.02,10.06,9.72,0.03
23/11/2022,10.05,10.06,9.75,0.03
24/11/2022,10.09,,9.79,
25/11/2022,10.1,,9.83,
28/11/2022,10.03,,9.86,
29/11/2022,,,,
30/11/2022,10.04,,,
01/12/2022,10.13,10.07,,
02/12/2022,10.05,10.07,,
05/12/2022,10.09,10.03,,
06/12/2022,10.06,10.01,,
07/12/2022,10.01,9.97,,
08/12/2022,9.96,9.94,,
09/12/2022,9.91,9.94,,
12/12/2022,9.92,9.93,,
13/12/2022,9.89,9.9,,
14/12/2022,10.0,9.86,,
15/12/2022,9.92,9.82,,
16/12/2022,9.74,9.76,,
19/12/2022,9.77,9.74,,
20/12/2022,9.68,9.75,,
21/12/2022,9.71,9.76,,
22/12/2022,9.83,9.8,,
23/12/2022,9.76,9.81,,
27/12/2022,9.85,9.8,,
28/12/2022,9.84,9.81,9.91,-0.01
29/12/2022,9.76,9.84,9.89,-0.01
30/12/2022,9.77,9.9,9.88,0.0
02/01/2023,9.82,9.97,9.86,0.01
03/01/2023,10.01,10.05,9.86,0.02
04/01/2023,10.15,10.13,9.87,0.03
05/01/2023,10.12,10.18,9.87,0.03
06/01/2023,10.15,10.2,9.88,0.03
09/01/2023,10.24,10.25,9.9,0.03
10/01/2023,10.22,10.32,9.91,0.04
11/01/2023,10.25,10.39,9.93,0.04
12/01/2023,10.37,10.46,9.95,0.05
13/01/2023,10.53,10.52,9.98,0.05
16/01/2023,10.57,10.54,10.02,0.05
17/01/2023,10.56,10.51,10.06,0.04
18/01/2023,10.57,10.47,10.1,0.03
19/01/2023,10.47,10.43,10.14,0.03
20/01/2023,10.37,10.4,10.17,0.02
23/01/2023,10.38,10.38,10.2,0.02
24/01/2023,10.38,10.4,10.23,0.02
25/01/2023,10.38,10.4,10.25,0.01
26/01/2023,10.39,10.42,10.29,0.01
27/01/2023,10.46,10.44,10.32,0.01
30/01/2023,10.4,10.47,10.35,0.01
31/01/2023,10.45,10.52,10.37,0.01
01/02/2023,10.49,10.58,10.39,0.02
02/02/2023,10.56,10.63,10.41,0.02
03/02/2023,10.7,10.68,10.44,0.02
06/02/2023,10.69,10.71,10.46,0.02
07/02/2023,10.69,10.7,10.48,0.02
08/02/2023,10.73,10.68,10.51,0.02
09/02/2023,10.72,10.68,10.53,0.01
10/02/2023,10.67,10.67,10.53,0.01
13/02/2023,10.57,10.68,10.53,0.01
14/02/2023,10.69,10.67,10.54,0.01
15/02/2023,10.68,10.7,10.54,0.01
16/02/2023,10.77,10.69,10.56,0.01
17/02/2023,10.63,10.66,10.57,0.01
20/02/2023,10.71,10.63,10.59,0.0
21/02/2023,10.64,10.63,10.6,0.0
22/02/2023,10.56,10.61,10.61,0.0
23/02/2023,10.59,10.6,10.62,-0.0
24/02/2023,10.65,10.59,10.63,-0.0
27/02/2023,10.62,10.57,10.64,-0.01
28/02/2023,10.56,10.55,10.65,-0.01
01/03/2023,10.52,10.55,10.65,-0.01
02/03/2023,10.48,10.54,10.64,-0.01
03/03/2023,10.59,10.52,10.64,-0.01
06/03/2023,10.59,10.51,10.63,-0.01
07/03/2023,10.54,10.44,10.63,-0.02
08/03/2023,10.42,10.33,10.61,-0.03
09/03/2023,10.42,10.22,10.6,-0.04
10/03/2023,10.24,10.16,10.57,-0.04
13/03/2023,10.04,10.08,10.55,-0.05
14/03/2023,9.97,10.04,10.51,-0.05
15/03/2023,10.11,,10.48,
16/03/2023,10.02,,10.44,
17/03/2023,10.05,,10.42,
20/03/2023,,,,
21/03/2023,9.98,,,
22/03/2023,10.03,,,
23/03/2023,10.03,,,
24/03/2023,9.85,,,
27/03/2023,,,,
28/03/2023,10.05,,,
29/03/2023,10.1,10.18,,
30/03/2023,10.22,10.23,,
31/03/2023,10.23,10.26,,
03/04/2023,10.29,10.26,,
04/04/2023,10.33,10.29,,
05/04/2023,10.21,10.32,,
06/04/2023,10.24,10.34,,
11/04/2023,10.37,10.43,,
12/04/2023,10.44,10.51,,
13/04/2023,10.44,10.58,,
14/04/2023,10.65,10.61,,
17/04/2023,10.66,10.66,,
18/04/2023,10.69,10.67,,
19/04/2023,10.62,10.67,,
20/04/2023,10.68,10.67,,
21/04/2023,10.68,10.68,,
24/04/2023,10.7,10.67,,
25/04/2023,10.67,10.68,,
26/04/2023,10.66,10.68,10.45,0.02
27/04/2023,10.64,10.69,10.48,0.02
28/04/2023,10.71,10.68,10.51,0.02
02/05/2023,10.7,10.69,10.53,0.01
03/05/2023,10.74,10.68,10.56,0.01
04/05/2023,10.63,10.68,10.57,0.01
05/05/2023,10.65,10.65,10.59,0.01
08/05/2023,10.7,10.65,10.61,0.0
09/05/2023,10.69,,10.64,
10/05/2023,10.57,,10.65,
11/05/2023,10.64,,10.66,
12/05/2023,,,,
15/05/2023,10.63,,,
16/05/2023,10.6,10.59,,
17/05/2023,10.53,10.57,,
18/05/2023,10.59,10.56,,
19/05/2023,10.6,10.52,,
22/05/2023,10.55,10.47,,
23/05/2023,10.54,10.41,,
24/05/2023,10.33,10.37,,
25/05/2023,10.31,10.32,,
26/05/2023,10.32,10.3,,
29/05/2023,10.34,10.31,,
30/05/2023,10.3,10.34,,
31/05/2023,10.24,10.36,,
01/06/2023,10.32,10.41,,
02/06/2023,10.49,10.46,,
05/06/2023,10.45,10.49,,
06/06/2023,10.54,10.47,,
07/06/2023,10.51,10.46,,
08/06/2023,10.47,10.44,,
09/06/2023,10.39,10.42,10.45,-0.0
12/06/2023,10.4,10.41,10.44,-0.0
13/06/2023,10.43,10.42,10.43,-0.0
14/06/2023,10.42,10.4,10.43,-0.0
15/06/2023,10.42,10.36,10.42,-0.01
16/06/2023,10.42,10.31,10.41,-0.01
19/06/2023,10.3,10.25,10.4,-0.01
20/06/2023,10.26,10.16,10.38,-0.02
21/06/2023,10.14,10.1,10.37,-0.03
22/06/2023,10.11,10.05,10.36,-0.03
23/06/2023,10.01,10.04,10.35,-0.03
26/06/2023,9.97,10.02,10.33,-0.03
27/06/2023,10.01,10.05,10.32,-0.03
28/06/2023,10.09,10.09,10.31,-0.02
29/06/2023,10.03,10.11,10.29,-0.02
30/06/2023,10.15,10.11,10.28,-0.02
03/07/2023,10.15,10.07,10.26,-0.02
04/07/2023,10.15,10.0,10.24,-0.02
05/07/2023,10.05,9.94,10.22,-0.03
06/07/2023,9.84,9.89,10.19,-0.03
07/07/2023,9.83,9.9,10.16,-0.03
10/07/2023,9.85,9.96,10.13,-0.02
11/07/2023,9.88,10.03,10.1,-0.01
12/07/2023,10.1,10.09,10.09,-0.0
13/07/2023,10.16,10.16,10.08,0.01
14/07/2023,10.18,10.23,10.06,0.02
17/07/2023,10.12,10.3,10.05,0.02
18/07/2023,10.22,10.38,10.05,0.03
19/07/2023,10.49,10.46,10.07,0.04
20/07/2023,10.51,10.53,10.09,0.04
21/07/2023,10.55,10.55,10.12,0.04
24/07/2023,10.54,10.58,10.15,0.04
25/07/2023,10.56,10.6,10.17,0.04
26/07/2023,10.59,10.62,10.2,0.04
27/07/2023,10.66,10.61,10.23,0.04
28/07/2023,10.64,10.56,10.25,0.03
31/07/2023,10.63,10.5,10.28,0.02
01/08/2023,10.5,10.45,10.3,0.01
02/08/2023,10.36,10.4,10.31,0.01
03/08/2023,10.37,10.36,10.34,0.0
04/08/2023,10.38,10.37,10.37,-0.0
07/08/2023,10.38,10.37,10.39,-0.0
08/08/2023,10.3,10.36,10.41,-0.01
09/08/2023,10.38,10.33,10.43,-0.01
10/08/2023,10.42,10.31,10.44,-0.01
11/08/2023,10.3,10.26,10.45,-0.02
14/08/2023,10.26,10.18,10.45,-0.03
15/08/2023,10.17,10.11,10.45,-0.03
16/08/2023,10.14,10.04,10.43,-0.04
17/08/2023,10.04,9.98,10.41,-0.04
18/08/2023,9.95,9.96,10.38,-0.04
21/08/2023,9.89,9.95,10.35,-0.04
22/08/2023,9.91,9.96,10.31,-0.04
23/08/2023,10.0,10.01,10.28,-0.03
24/08/2023,10.02,10.07,10.25,-0.02
25/08/2023,9.99,10.12,10.22,-0.01
28/08/2023,10.11,10.16,10.19,-0.0
29/08/2023,10.21,10.21,10.18,0.0
30/08/2023,10.24,10.23,10.17,0.01
31/08/2023,10.26,10.22,10.17,0.01
01/09/2023,10.24,10.21,10.16,0.0
04/09/2023,10.21,10.19,10.15,0.0
05/09/2023,10.17,10.18,10.15,0.0
06/09/2023,10.16,10.18,10.13,0.0
07/09/2023,10.16,10.19,10.12,0.01
08/09/2023,10.2,10.21,10.12,0.01
11/09/2023,10.2,10.25,10.11,0.01
12/09/2023,10.24,10.3,10.12,0.02
13/09/2023,10.24,10.31,10.12,0.02
14/09/2023,10.38,10.31,10.14,0.02
15/09/2023,10.42,10.35,10.16,0.02
18/09/2023,10.27,10.34,10.18,0.02
19/09/2023,10.24,10.32,10.2,0.01
20/09/2023,10.42,10.31,10.22,0.01
21/09/2023,10.33,10.31,10.24,0.01
22/09/2023,10.33,10.26,10.25,0.0
25/09/2023,10.22,10.21,10.26,-0.0
26/09/2023,10.24,10.19,10.26,-0.01
27/09/2023,10.16,10.16,10.26,-0.01
28/09/2023,10.12,10.1,10.25,-0.01
29/09/2023,10.23,10.04,10.25,-0.02
02/10/2023,10.06,10.0,10.24,-0.02
03/10/2023,9.95,9.94,10.23,-0.03
04/10/2023,9.85,9.9,10.21,-0.03
05/10/2023,9.9,9.92,10.2,-0.03
06/10/2023,9.96,9.97,10.19,-0.02
09/10/2023,9.85,9.99,10.17,-0.02
10/10/2023,10.07,9.98,10.16,-0.02
11/10/2023,10.05,9.99,10.15,-0.02
12/10/2023,10.03,9.96,10.14,-0.02
13/10/2023,9.88,9.91,10.11,-0.02
16/10/2023,9.91,9.83,10.09,-0.03
17/10/2023,9.95,9.76,10.07,-0.03
18/10/2023,9.78,9.68,10.04,-0.04
19/10/2023,9.65,9.59,10.01,-0.04
20/10/2023,9.52,9.52,9.97,-0.05
23/10/2023,9.52,9.46,9.93,-0.05
24/10/2023,9.48,9.42,9.9,-0.05
25/10/2023,9.44,9.39,9.86,-0.05
26/10/2023,9.35,9.37,9.82,-0.05
27/10/2023,9.3,9.37,9.77,-0.04
30/10/2023,9.37,9.43,9.74,-0.03
31/10/2023,9.41,9.51,9.71,-0.02
01/11/2023,9.44,9.57,9.69,-0.01
02/11/2023,9.62,9.63,9.68,-0.0
03/11/2023,9.72,9.69,9.67,0.0
06/11/2023,9.67,9.74,9.66,0.01
07/11/2023,9.71,9.75,9.64,0.01
08/11/2023,9.75,9.77,9.62,0.02
09/11/2023,9.87,9.83,9.62,0.02
10/11/2023,9.75,9.89,9.61,0.03
13/11/2023,9.79,9.91,9.6,0.03
14/11/2023,9.98,9.98,9.61,0.04
15/11/2023,10.06,10.05,9.62,0.04
16/11/2023,9.98,10.07,9.64,0.04
17/11/2023,10.1,10.08,9.67,0.04
20/11/2023,10.12,10.11,9.7,0.04
21/11/2023,10.09,10.12,9.73,0.04
22/11/2023,10.13,10.13,9.76,0.04
23/11/2023,10.14,10.13,9.8,0.03
24/11/2023,10.14,10.13,9.84,0.03
27/11/2023,10.14,10.13,9.88,0.03
28/11/2023,10.11,10.16,9.92,0.02
29/11/2023,10.14,10.17,9.95,0.02
30/11/2023,10.14,10.19,9.98,0.02
01/12/2023,10.24,10.22,10.0,0.02
04/12/2023,10.21,10.26,10.03,0.02
05/12/2023,10.21,10.28,10.05,0.02
06/12/2023,10.32,10.31,10.08,0.02
07/12/2023,10.3,10.34,10.1,0.02
08/12/2023,10.34,10.35,10.13,0.02
11/12/2023,10.37,10.42,10.16,0.02
12/12/2023,10.36,10.47,10.18,0.03
13/12/2023,10.4,10.5,10.2,0.03
14/12/2023,10.63,10.55,10.23,0.03
15/12/2023,10.56,10.63,10.25,0.04
18/12/2023,10.56,10.64,10.28,0.03
19/12/2023,10.62,10.68,10.3,0.04
20/12/2023,10.76,10.72,10.33,0.04
21/12/2023,10.71,10.74,10.36,0.04
22/12/2023,10.73,10.73,10.39,0.03
27/12/2023,10.76,10.72,10.42,0.03
28/12/2023,10.75,10.68,10.46,0.02
29/12/2023,10.71,10.64,10.48,0.01
02/01/2024,10.64,10.6,10.51,0.01
03/01/2024,10.51,10.57,10.52,0.0
04/01/2024,10.57,10.56,10.54,0.0
05/01/2024,10.54,10.56,10.56,0.0
08/01/2024,10.59,10.54,10.57,-0.0
09/01/2024,10.57,10.53,10.58,-0.01
10/01/2024,10.55,10.5,10.59,-0.01
11/01/2024,10.44,10.47,10.6,-0.01
12/01/2024,10.5,10.41,10.61,-0.02
15/01/2024,10.44,10.38,10.61,-0.02
16/01/2024,10.42,10.33,10.6,-0.03
17/01/2024,10.25,10.32,10.58,-0.03
18/01/2024,10.28,10.31,10.57,-0.02
19/01/2024,10.28,10.34,10.55,-0.02
22/01/2024,10.38,10.36,10.53,-0.02
23/01/2024,10.37,10.41,10.51,-0.01
24/01/2024,10.39,10.43,10.5,-0.01
25/01/2024,10.37,10.47,10.48,-0.0
26/01/2024,10.52,10.5,10.47,0.0
29/01/2024,10.49,10.51,10.46,0.01
30/01/2024,10.56,10.49,10.45,0.0
31/01/2024,10.55,10.47,10.45,0.0
01/02/2024,10.44,10.44,10.45,-0.0
02/02/2024,10.44,10.41,10.44,-0.0
05/02/2024,10.36,10.38,10.43,-0.0
06/02/2024,10.43,10.35,10.42,-0.01
07/02/2024,10.37,10.34,10.41,-0.01
08/02/2024,10.31,10.29,10.41,-0.01
09/02/2024,10.28,10.27,10.4,-0.01
12/02/2024,10.33,10.28,10.39,-0.01
13/02/2024,10.17,10.33,10.38,-0.0
14/02/2024,10.26,10.37,10.38,-0.0
15/02/2024,10.37,10.45,10.38,0.01
16/02/2024,10.51,10.5,10.4,0.01
19/02/2024,10.54,10.55,10.4,0.01
20/02/2024,10.56,10.57,10.41,0.02
21/02/2024,10.54,10.59,10.42,0.02
22/02/2024,10.6,10.6,10.43,0.02
23/02/2024,10.63,10.58,10.44,0.01
26/02/2024,10.63,10.57,10.44,0.01
27/02/2024,10.6,10.58,10.45,0.01
28/02/2024,10.46,10.57,10.44,0.01
29/02/2024,10.55,10.58,10.45,0.01
01/03/2024,10.65,10.63,10.46,0.02
04/03/2024,10.59,10.68,10.47,0.02
05/03/2024,10.65,10.71,10.48,0.02
06/03/2024,10.69,10.76,10.5,0.02
07/03/2024,10.81,10.8,10.52,0.03
08/03/2024,10.81,10.84,10.55,0.03
11/03/2024,10.81,10.84,10.57,0.02
12/03/2024,10.89,10.83,10.61,0.02
13/03/2024,10.87,10.82,10.64,0.02
14/03/2024,10.82,10.79,10.66,0.01
15/03/2024,10.77,10.76,10.67,0.01
18/03/2024,10.76,10.8,10.69,0.01
19/03/2024,10.7,10.85,10.69,0.02
20/03/2024,10.76,10.9,10.7,0.02
21/03/2024,11.01,10.97,10.72,0.02
22/03/2024,11.04,11.04,10.74,0.03
25/03/2024,10.99,11.07,10.76,0.03
26/03/2024,11.04,11.07,10.79,0.03
27/03/2024,11.1,11.09,10.82,0.02
28/03/2024,11.17,11.11,10.85,0.02
02/04/2024,11.04,11.1,10.87,0.02
03/04/2024,11.1,11.08,10.89,0.02
04/04/2024,11.15,11.08,10.92,0.01
05/04/2024,11.04,11.07,10.93,0.01
08/04/2024,11.08,11.04,10.95,0.01
09/04/2024,11.03,11.04,10.96,0.01
10/04/2024,11.04,11.04,10.97,0.01
11/04/2024,11.03,11.0,10.98,0.0
12/04/2024,11.05,10.96,10.99,-0.0
15/04/2024,11.03,10.94,11.0,-0.01
16/04/2024,10.84,10.9,11.0,-0.01
17/04/2024,10.87,10.9,11.0,-0.01
18/04/2024,10.9,10.95,11.01,-0.01
19/04/2024,10.88,10.98,11.02,-0.0
22/04/2024,11.02,11.01,11.02,-0.0
23/04/2024,11.09,11.07,11.02,0.0
24/04/2024,11.03,11.1,11.03,0.01
25/04/2024,11.04,11.11,11.03,0.01
26/04/2024,11.15,11.13,11.03,0.01
29/04/2024,11.18,11.18,11.03,0.01
30/04/2024,11.12,11.22,11.03,0.02
02/05/2024,11.18,11.27,11.04,0.02
03/05/2024,11.28,11.34,11.04,0.03
06/05/2024,11.32,11.4,11.06,0.03
07/05/2024,11.43,11.47,11.08,0.03
08/05/2024,11.47,11.51,11.1,0.04
09/05/2024,11.51,11.55,11.12,0.04
10/05/2024,11.6,11.6,11.15,0.04
13/05/2024,11.54,11.64,11.17,0.04
14/05/2024,11.62,11.66,11.2,0.04
15/05/2024,11.71,11.7,11.25,0.04
16/05/2024,11.73,11.72,11.29,0.04
17/05/2024,11.72,11.7,11.33,0.03
20/05/2024,11.73,11.67,11.37,0.03
21/05/2024,11.69,11.65,11.41,0.02
22/05/2024,11.62,11.62,11.43,0.02
23/05/2024,11.59,11.6,11.46,0.01
24/05/2024,11.6,11.56,11.49,0.01
27/05/2024,11.61,11.55,11.51,0.0
28/05/2024,11.58,11.54,11.53,0.0
29/05/2024,11.42,11.54,11.55,-0.0
30/05/2024,11.55,11.54,11.57,-0.0
31/05/2024,11.54,11.58,11.58,0.0
03/06/2024,11.62,11.6,11.59,0.0
04/06/2024,11.59,11.61,11.6,0.0
05/06/2024,11.6,11.58,11.61,-0.0
06/06/2024,11.66,11.54,11.62,-0.01
07/06/2024,11.59,11.53,11.62,-0.01
10/06/2024,11.48,11.5,11.61,-0.01
11/06/2024,11.38,11.47,11.6,-0.01
12/06/2024,11.56,11.45,11.59,-0.01
13/06/2024,11.49,11.47,11.58,-0.01
14/06/2024,11.42,11.44,11.57,-0.01
17/06/2024,11.4,11.45,11.55,-0.01
18/06/2024,11.49,11.47,11.54,-0.01
19/06/2024,11.39,11.52,11.53,-0.0
20/06/2024,11.55,11.52,11.53,-0.0
21/06/2024,11.52,11.54,11.52,0.0
24/06/2024,11.63,11.53,11.52,0.0
25/06/2024,11.51,11.51,11.52,-0.0
26/06/2024,11.49,11.48,11.52,-0.0
27/06/2024,11.5,11.45,11.52,-0.01
28/06/2024,11.44,11.45,11.52,-0.01
01/07/2024,11.46,11.47,11.51,-0.0
02/07/2024,11.37,11.51,11.5,0.0
03/07/2024,11.49,11.55,11.49,0.0
04/07/2024,11.6,11.58,11.49,0.01
05/07/2024,11.62,11.62,11.49,0.01
08/07/2024,11.65,11.65,11.5,0.01
09/07/2024,11.55,11.69,11.51,0.02
10/07/2024,11.66,11.71,11.51,0.02
11/07/2024,11.77,11.75,11.53,0.02
12/07/2024,11.84,11.77,11.55,0.02
15/07/2024,11.73,11.77,11.56,0.02
16/07/2024,11.75,11.74,11.58,0.01
17/07/2024,11.75,11.76,11.59,0.01
18/07/2024,11.8,11.76,11.61,0.01
19/07/2024,11.7,11.76,11.62,0.01
22/07/2024,11.81,11.75,11.62,0.01
23/07/2024,11.76,11.8,11.64,0.01
24/07/2024,11.75,11.82,11.65,0.01
25/07/2024,11.75,11.85,11.66,0.02
26/07/2024,11.92,11.9,11.69,0.02
29/07/2024,11.92,11.93,11.71,0.02
30/07/2024,11.9,11.87,11.74,0.01
31/07/2024,12.0,11.78,11.76,0.0
01/08/2024,11.9,11.7,11.78,-0.01
02/08/2024,11.66,11.63,11.78,-0.01
05/08/2024,11.47,11.57,11.77,-0.02
06/08/2024,11.48,11.57,11.77,-0.02
07/08/2024,11.65,11.61,11.77,-0.01
08/08/2024,11.6,11.66,11.76,-0.01
09/08/2024,11.66,11.68,11.75,-0.01
12/08/2024,11.67,11.75,11.74,0.0
13/08/2024,11.71,11.8,11.74,0.01
14/08/2024,11.78,11.86,11.74,0.01
15/08/2024,11.94,11.9,11.75,0.01
16/08/2024,11.91,11.92,11.76,0.01
19/08/2024,11.98,11.91,11.77,0.01
20/08/2024,11.88,11.93,11.78,0.01
21/08/2024,11.9,11.94,11.78,0.01
22/08/2024,11.9,11.96,11.79,0.01
23/08/2024,11.99,11.98,11.79,0.02
26/08/2024,12.04,12.0,11.8,0.02
27/08/2024,12.0,12.01,11.81,0.02
28/08/2024,11.96,12.01,11.8,0.02
29/08/2024,12.02,12.01,11.81,0.02
30/08/2024,12.04,12.0,11.83,0.01
02/09/2024,12.03,11.97,11.86,0.01
03/09/2024,11.97,11.93,11.88,0.0
04/09/2024,11.91,11.9,11.89,0.0
05/09/2024,11.89,11.9,11.91,-0.0
06/09/2024,11.84,11.89,11.92,-0.0
09/09/2024,11.92,11.91,11.93,-0.0
10/09/2024,11.93,11.94,11.94,0.0
11/09/2024,11.9,11.97,11.95,0.0
12/09/2024,11.95,12.01,11.95,0.01
13/09/2024,12.01,12.03,11.95,0.01
16/09/2024,12.05,12.06,11.96,0.01
17/09/2024,12.14,12.05,11.97,0.01
18/09/2024,12.0,12.03,11.97,0.0
19/09/2024,12.11,12.0,11.98,0.0
20/09/2024,11.95,11.99,11.98,0.0
23/09/2024,11.97,11.98,11.98,0.0
24/09/2024,11.97,12.02,11.98,0.0
25/09/2024,11.95,12.03,11.98,0.0
26/09/2024,12.07,12.02,11.98,0.0
27/09/2024,12.16,12.01,11.99,0.0
30/09/2024,11.98,11.97,11.98,-0.0
01/10/2024,11.96,11.92,11.98,-0.01
02/10/2024,11.9,11.9,11.98,-0.01
03/10/2024,11.85,11.86,11.98,-0.01
04/10/2024,11.9,11.85,11.98,-0.01
07/10/2024,11.87,11.85,11.98,-0.01
08/10/2024,11.76,11.84,11.97,-0.01
09/10/2024,11.86,11.85,11.97,-0.01
10/10/2024,11.84,11.89,11.96,-0.01
11/10/2024,11.89,11.93,11.96,-0.0
14/10/2024,11.91,12.0,11.95,0.0
15/10/2024,11.96,12.04,11.94,0.01
16/10/2024,12.08,12.07,11.95,0.01
17/10/2024,12.17,12.08,11.95,0.01
18/10/2024,12.11,12.06,11.96,0.01
21/10/2024,12.04,12.01,11.96,0.0
22/10/2024,12.01,11.96,11.96,-0.0
23/10/2024,11.95,11.94,11.96,-0.0
24/10/2024,11.95,11.9,11.96,-0.0
25/10/2024,11.86,11.87,11.94,-0.01
28/10/2024,11.93,11.79,11.94,-0.01
29/10/2024,11.81,11.76,11.93,-0.01
30/10/2024,11.79,11.71,11.93,-0.02
31/10/2024,11.57,11.69,11.91,-0.02
01/11/2024,11.69,11.66,11.9,-0.02
04/11/2024,11.7,11.67,11.89,-0.02
05/11/2024,11.68,11.64,11.89,-0.02
06/11/2024,11.65,11.63,11.88,-0.02
07/11/2024,11.64,11.62,11.87,-0.02
08/11/2024,11.54,11.6,11.85,-0.02
11/11/2024,11.66,11.59,11.84,-0.02
12/11/2024,11.59,11.61,11.82,-0.02
13/11/2024,11.55,11.6,11.79,-0.02
14/11/2024,11.62,11.6,11.77,-0.01
15/11/2024,11.61,11.6,11.74,-0.01
18/11/2024,11.65,11.59,11.72,-0.01
19/11/2024,11.59,11.63,11.7,-0.01
20/11/2024,11.53,11.67,11.68,-0.0
21/11/2024,11.6,11.71,11.66,0.0
22/11/2024,11.77,11.77,11.66,0.01
25/11/2024,11.87,11.81,11.65,0.01
26/11/2024,11.78,11.82,11.65,0.01
27/11/2024,11.81,11.82,11.65,0.01
28/11/2024,11.82,11.85,11.67,0.02
29/11/2024,11.84,11.88,11.67,0.02
02/12/2024,11.87,11.91,11.68,0.02
03/12/2024,11.92,11.93,11.7,0.02
04/12/2024,11.95,11.94,11.71,0.02
05/12/2024,11.96,11.92,11.73,0.02
06/12/2024,11.94,11.91,11.75,0.01
09/12/2024,11.93,11.9,11.76,0.01
10/12/2024,11.83,11.88,11.77,0.01
11/12/2024,11.9,11.86,11.79,0.01
12/12/2024,11.88,11.83,11.8,0.0
13/12/2024,11.85,11.8,11.81,-0.0
16/12/2024,11.82,11.73,11.82,-0.01
17/12/2024,11.71,11.67,11.83,-0.01
18/12/2024,11.72,11.62,11.84,-0.02
19/12/2024,11.55,11.6,11.84,-0.02
20/12/2024,11.56,11.57,11.83,-0.02
23/12/2024,11.54,11.57,11.81,-0.02
24/12/2024,11.62,11.58,11.8,-0.02
27/12/2024,11.59,11.6,11.79,-0.02
30/12/2024,11.53,11.6,11.78,-0.02
31/12/2024,11.61,11.61,11.76,-0.01
02/01/2025,11.67,11.63,11.75,-0.01
03/01/2025,11.61,11.61,11.74,-0.01
06/01/2025,11.66,11.6,11.72,-0.01
07/01/2025,11.61,11.56,11.71,-0.01
08/01/2025,11.53,11.51,11.69,-0.01
09/01/2025,11.58,11.47,11.67,-0.02
10/01/2025,11.44,11.5,11.65,-0.01
13/01/2025,11.42,11.55,11.62,-0.01
14/01/2025,11.39,11.65,11.6,0.0
15/01/2025,11.69,11.76,11.59,0.01
16/01/2025,11.8,11.89,11.59,0.03
17/01/2025,11.96,11.96,11.6,0.03
20/01/2025,11.96,12.01,11.61,0.03
21/01/2025,12.03,12.02,11.64,0.03
22/01/2025,12.05,12.03,11.66,0.03
23/01/2025,12.08,12.05,11.69,0.03
24/01/2025,12.0,12.08,11.71,0.03
27/01/2025,12.01,12.12,11.73,0.03
28/01/2025,12.12,12.18,11.76,0.04
29/01/2025,12.18,12.22,11.79,0.04
30/01/2025,12.3,12.23,11.82,0.03
31/01/2025,12.32,12.23,11.85,0.03
03/02/2025,12.18,12.26,11.88,0.03
04/02/2025,12.16,12.25,11.91,0.03
05/02/2025,12.21,12.29,11.94,0.03
06/02/2025,12.4,12.33,11.98,0.03
07/02/2025,12.28,12.37,12.03,0.03
10/02/2025,12.39,12.38,12.07,0.02
11/02/2025,12.38,12.41,12.12,0.02
12/02/2025,12.41,12.42,12.16,0.02
13/02/2025,12.46,12.44,12.19,0.02
14/02/2025,12.41,12.42,12.22,0.02
17/02/2025,12.46,12.39,12.24,0.01
18/02/2025,12.46,12.39,12.26,0.01
19/02/2025,12.34,12.36,12.28,0.01
20/02/2025,12.3,12.35,12.29,0.01
21/02/2025,12.4,12.4,12.31,0.01
24/02/2025,12.32,12.43,12.32,0.01
25/02/2025,12.41,12.46,12.34,0.01
26/02/2025,12.58,12.5,12.36,0.01
27/02/2025,12.46,12.5,12.37,0.01
28/02/2025,12.51,12.47,12.38,0.01
03/03/2025,12.56,12.45,12.39,0.0
04/03/2025,12.38,12.42,12.41,0.0
05/03/2025,12.43,12.35,12.42,-0.01
06/03/2025,12.37,12.28,12.41,-0.01
07/03/2025,12.36,12.2,12.42,-0.02
10/03/2025,12.2,12.14,12.41,-0.02
11/03/2025,12.02,12.09,12.39,-0.02
12/03/2025,12.07,12.09,12.37,-0.02
13/03/2025,12.03,12.14,12.35,-0.02
14/03/2025,12.15,12.19,12.34,-0.01
17/03/2025,12.21,12.23,12.33,-0.01
18/03/2025,12.26,12.24,12.32,-0.01
19/03/2025,12.28,12.23,12.31,-0.01
20/03/2025,12.24,12.23,12.31,-0.01
21/03/2025,12.19,12.22,12.3,-0.01
24/03/2025,12.19,12.21,12.29,-0.01
25/03/2025,12.24,12.21,12.29,-0.01
26/03/2025,12.23,12.2,12.27,-0.01
27/03/2025,12.19,12.19,12.26,-0.01
28/03/2025,12.23,12.18,12.24,-0.01
31/03/2025,12.1,12.15,12.22,-0.01
01/04/2025,12.21,12.01,12.21,-0.02
02/04/2025,12.16,11.79,12.2,-0.03
03/04/2025,12.04,11.61,12.18,-0.05
04/04/2025,11.56,11.38,12.14,-0.07
07/04/2025,10.98,11.27,12.08,-0.07
08/04/2025,11.31,11.26,12.04,-0.07
09/04/2025,11.0,11.42,11.99,-0.05
10/04/2025,11.49,11.56,11.96,-0.03
11/04/2025,11.52,11.76,11.93,-0.01
14/04/2025,11.79,11.87,11.91,-0.0
15/04/2025,12.03,11.97,11.9,0.01
16/04/2025,11.98,12.04,11.88,0.01
17/04/2025,12.02,12.07,11.87,0.02
22/04/2025,12.04,12.11,11.86,0.02
23/04/2025,12.15,12.16,11.86,0.02
24/04/2025,12.17,12.21,11.86,0.03
25/04/2025,12.18,12.25,11.86,0.03
28/04/2025,12.24,12.33,11.86,0.04
29/04/2025,12.29,12.42,11.86,0.05
30/04/2025,12.35,12.5,11.88,0.05
02/05/2025,12.61,12.54,11.9,0.05
05/05/2025,12.63,12.59,11.92,0.05
06/05/2025,12.6,12.59,11.95,0.05
07/05/2025,12.54,12.59,12.0,0.05
08/05/2025,12.57,12.6,12.08,0.04
09/05/2025,12.62,12.63,12.14,0.04
12/05/2025,12.64,12.67,12.22,0.04
13/05/2025,12.65,12.71,12.28,0.03
14/05/2025,12.67,12.76,12.34,0.03
15/05/2025,12.77,12.83,12.39,0.03
16/05/2025,12.84,12.9,12.43,0.04
19/05/2025,12.87,12.93,12.47,0.04
20/05/2025,13.01,12.94,12.52,0.03
21/05/2025,13.0,12.97,12.57,0.03
22/05/2025,12.92,12.97,12.61,0.03
23/05/2025,12.89,12.95,12.64,0.02
26/05/2025,13.02,12.95,12.69,0.02
27/05/2025,13.03,12.98,12.73,0.02
28/05/2025,12.9,12.98,12.76,0.02
29/05/2025,12.93,12.96,12.79,0.01
30/05/2025,13.02,12.98,12.81,0.01
02/06/2025,13.01,13.0,12.82,0.01
03/06/2025,12.96,13.01,12.84,0.01
04/06/2025,13.0,13.01,12.87,0.01
05/06/2025,13.0,13.04,12.89,0.01
06/06/2025,13.06,13.06,12.91,0.01
09/06/2025,13.05,13.08,12.93,0.01
10/06/2025,13.09,13.07,12.95,0.01
11/06/2025,13.1,13.07,12.97,0.01
12/06/2025,13.12,13.05,12.99,0.0
13/06/2025,13.0,13.03,13.0,0.0
16/06/2025,13.06,12.98,13.01,-0.0
17/06/2025,12.97,12.95,13.01,-0.0
18/06/2025,12.98,12.91,13.01,-0.01
19/06/2025,12.89,12.91,13.0,-0.01
20/06/2025,12.87,12.89,13.0,-0.01
23/06/2025,12.85,12.91,12.99,-0.01
24/06/2025,12.97,12.94,12.99,-0.0
25/06/2025,12.88,12.97,12.99,-0.0
26/06/2025,12.96,12.98,12.99,-0.0
27/06/2025,13.04,12.97,12.99,-0.0
30/06/2025,13.0,12.98,12.99,-0.0
01/07/2025,13.02,12.96,13.0,-0.0
02/07/2025,12.83,12.94,12.99,-0.0
03/07/2025,12.98,12.93,12.99,-0.0
04/07/2025,12.95,12.96,12.98,-0.0
07/07/2025,12.94,12.98,12.98,0.0
08/07/2025,12.95,12.98,12.97,0.0
09/07/2025,12.96,13.01,12.96,0.0
10/07/2025,13.09,13.02,12.96,0.0
11/07/2025,12.98,13.02,12.96,0.0
14/07/2025,13.07,13.02,12.96,0.0
15/07/2025,13.0,13.05,12.96,0.01
16/07/2025,12.98,13.07,12.96,0.01
17/07/2025,13.08,13.09,12.97,0.01
18/07/2025,13.1,13.14,12.98,0.01
21/07/2025,13.16,13.19,13.0,0.01
22/07/2025,13.12,13.23,13.01,0.02
23/07/2025,13.21,13.25,13.02,0.02
24/07/2025,13.33,13.29,13.04,0.02
25/07/2025,13.34,13.33,13.06,0.02
28/07/2025,13.26,13.33,13.07,0.02
29/07/2025,13.33,13.3,13.08,0.02
30/07/2025,13.36,13.31,13.11,0.01
31/07/2025,13.37,13.3,13.13,0.01
01/08/2025,13.19,13.28,13.14,0.01
04/08/2025,13.29,13.25,13.16,0.01
05/08/2025,13.28,13.26,13.18,0.01
06/08/2025,13.24,13.25,13.19,0.0
07/08/2025,13.23,13.25,13.2,0.0
08/08/2025,13.23,13.27,13.21,0.0
11/08/2025,13.26,13.3,13.22,0.01
12/08/2025,13.28,13.33,13.23,0.01
13/08/2025,13.35,13.34,13.25,0.01
14/08/2025,13.4,13.38,13.27,0.01
15/08/2025,13.34,13.43,13.28,0.01
18/08/2025,13.34,13.46,13.29,0.01
19/08/2025,13.45,13.52,13.31,0.02
20/08/2025,13.6,13.58,13.32,0.02
21/08/2025,13.57,13.59,13.34,0.02
22/08/2025,13.65,13.57,13.35,0.02
25/08/2025,13.61,13.54,13.37,0.01
26/08/2025,13.52,13.48,13.38,0.01
27/08/2025,13.5,13.42,13.39,0.0
28/08/2025,13.43,13.33,13.39,-0.0
29/08/2025,13.34,13.27,13.4,-0.01
01/09/2025,13.29,13.25,13.4,-0.01
02/09/2025,13.1,13.25,13.39,-0.01
03/09/2025,13.2,13.28,13.39,-0.01
04/09/2025,13.31,13.34,13.39,-0.0
05/09/2025,13.35,13.36,13.39,-0.0
08/09/2025,13.43,13.38,13.4,-0.0
09/09/2025,13.41,13.39,13.41,-0.0
10/09/2025,13.32,13.37,13.41,-0.0
11/09/2025,13.4,13.35,13.41,-0.0
12/09/2025,13.37,13.35,13.41,-0.0
15/09/2025,13.37,13.35,13.41,-0.0
16/09/2025,13.26,13.35,13.4,-0.0
17/09/2025,13.34,13.35,13.39,-0.0
18/09/2025,13.39,13.38,13.38,0.0
19/09/2025,13.36,13.4,13.37,0.0
22/09/2025,13.39,13.38,13.35,0.0
23/09/2025,13.43,13.38,13.35,0.0
24/09/2025,13.41,13.4,13.35,0.0
25/09/2025,13.29,13.43,13.34,0.01
26/09/2025,13.38,13.5,13.34,0.01
29/09/2025,13.46,13.6,13.35,0.02
30/09/2025,13.6,13.7,13.37,0.02
01/10/2025,13.77,13.78,13.4,0.03
02/10/2025,13.76,13.82,13.43,0.03
03/10/2025,13.88,13.85,13.45,0.03
06/10/2025,13.86,13.88,13.47,0.03
07/10/2025,13.83,13.86,13.5,0.03
08/10/2025,13.92,13.86,13.52,0.02
09/10/2025,13.9,13.87,13.55,0.02
10/10/2025,13.8,13.85,13.57,0.02
